--
-- PostgreSQL database dump
--

-- Dumped from database version 10.6
-- Dumped by pg_dump version 10.6

-- Started on 2019-04-08 18:27:27

SET statement_timeout = 0;
SET lock_timeout = 0;
SET idle_in_transaction_session_timeout = 0;
SET client_encoding = 'UTF8';
SET standard_conforming_strings = on;
SELECT pg_catalog.set_config('search_path', '', false);
SET check_function_bodies = false;
SET client_min_messages = warning;
SET row_security = off;

--
-- TOC entry 1 (class 3079 OID 12278)
-- Name: plpgsql; Type: EXTENSION; Schema: -; Owner: 
--

CREATE EXTENSION IF NOT EXISTS plpgsql WITH SCHEMA pg_catalog;


--
-- TOC entry 2245 (class 0 OID 0)
-- Dependencies: 1
-- Name: EXTENSION plpgsql; Type: COMMENT; Schema: -; Owner: 
--

COMMENT ON EXTENSION plpgsql IS 'PL/pgSQL procedural language';


--
-- TOC entry 206 (class 1259 OID 35776)
-- Name: fridge_ingredients_ids; Type: SEQUENCE; Schema: public; Owner: postgres
--

CREATE SEQUENCE public.fridge_ingredients_ids
    START WITH 1
    INCREMENT BY 1
    NO MINVALUE
    NO MAXVALUE
    CACHE 1;


ALTER TABLE public.fridge_ingredients_ids OWNER TO postgres;

SET default_tablespace = '';

SET default_with_oids = false;

--
-- TOC entry 207 (class 1259 OID 35778)
-- Name: fridge_ingredients; Type: TABLE; Schema: public; Owner: postgres
--

CREATE TABLE public.fridge_ingredients (
    id integer DEFAULT nextval('public.fridge_ingredients_ids'::regclass) NOT NULL,
    fridge_id integer,
    ingredient_id integer
);


ALTER TABLE public.fridge_ingredients OWNER TO postgres;

--
-- TOC entry 202 (class 1259 OID 35745)
-- Name: fridges_ids; Type: SEQUENCE; Schema: public; Owner: postgres
--

CREATE SEQUENCE public.fridges_ids
    START WITH 1
    INCREMENT BY 1
    NO MINVALUE
    NO MAXVALUE
    CACHE 1;


ALTER TABLE public.fridges_ids OWNER TO postgres;

--
-- TOC entry 203 (class 1259 OID 35747)
-- Name: fridges; Type: TABLE; Schema: public; Owner: postgres
--

CREATE TABLE public.fridges (
    id integer DEFAULT nextval('public.fridges_ids'::regclass) NOT NULL,
    user_id integer
);


ALTER TABLE public.fridges OWNER TO postgres;

--
-- TOC entry 200 (class 1259 OID 35737)
-- Name: ingredients_ids; Type: SEQUENCE; Schema: public; Owner: postgres
--

CREATE SEQUENCE public.ingredients_ids
    START WITH 1
    INCREMENT BY 1
    NO MINVALUE
    NO MAXVALUE
    CACHE 1;


ALTER TABLE public.ingredients_ids OWNER TO postgres;

--
-- TOC entry 201 (class 1259 OID 35739)
-- Name: ingredients; Type: TABLE; Schema: public; Owner: postgres
--

CREATE TABLE public.ingredients (
    id integer DEFAULT nextval('public.ingredients_ids'::regclass) NOT NULL,
    name character varying(100),
    picture_url character varying(100)
);


ALTER TABLE public.ingredients OWNER TO postgres;

--
-- TOC entry 204 (class 1259 OID 35758)
-- Name: recipe_ingredients_ids; Type: SEQUENCE; Schema: public; Owner: postgres
--

CREATE SEQUENCE public.recipe_ingredients_ids
    START WITH 1
    INCREMENT BY 1
    NO MINVALUE
    NO MAXVALUE
    CACHE 1;


ALTER TABLE public.recipe_ingredients_ids OWNER TO postgres;

--
-- TOC entry 205 (class 1259 OID 35760)
-- Name: recipe_ingredients; Type: TABLE; Schema: public; Owner: postgres
--

CREATE TABLE public.recipe_ingredients (
    id integer DEFAULT nextval('public.recipe_ingredients_ids'::regclass) NOT NULL,
    recipe_id integer,
    ingredient_id integer
);


ALTER TABLE public.recipe_ingredients OWNER TO postgres;

--
-- TOC entry 196 (class 1259 OID 35718)
-- Name: recipes_ids; Type: SEQUENCE; Schema: public; Owner: postgres
--

CREATE SEQUENCE public.recipes_ids
    START WITH 1
    INCREMENT BY 1
    NO MINVALUE
    NO MAXVALUE
    CACHE 1;


ALTER TABLE public.recipes_ids OWNER TO postgres;

--
-- TOC entry 197 (class 1259 OID 35720)
-- Name: recipes; Type: TABLE; Schema: public; Owner: postgres
--

CREATE TABLE public.recipes (
    id integer DEFAULT nextval('public.recipes_ids'::regclass) NOT NULL,
    name character varying(100),
    preparation text,
    preparation_time integer,
    recipe_types character varying(150),
    image character varying(100),
    smart_points integer
);


ALTER TABLE public.recipes OWNER TO postgres;

--
-- TOC entry 208 (class 1259 OID 35794)
-- Name: roles_id_seq; Type: SEQUENCE; Schema: public; Owner: postgres
--

CREATE SEQUENCE public.roles_id_seq
    START WITH 1
    INCREMENT BY 1
    NO MINVALUE
    NO MAXVALUE
    CACHE 1;


ALTER TABLE public.roles_id_seq OWNER TO postgres;

--
-- TOC entry 209 (class 1259 OID 35796)
-- Name: roles; Type: TABLE; Schema: public; Owner: postgres
--

CREATE TABLE public.roles (
    id numeric DEFAULT nextval('public.roles_id_seq'::regclass) NOT NULL,
    name character varying(255) DEFAULT NULL::character varying
);


ALTER TABLE public.roles OWNER TO postgres;

--
-- TOC entry 210 (class 1259 OID 35806)
-- Name: user_roles_id_seq; Type: SEQUENCE; Schema: public; Owner: postgres
--

CREATE SEQUENCE public.user_roles_id_seq
    START WITH 1
    INCREMENT BY 1
    NO MINVALUE
    NO MAXVALUE
    CACHE 1;


ALTER TABLE public.user_roles_id_seq OWNER TO postgres;

--
-- TOC entry 211 (class 1259 OID 35808)
-- Name: user_roles; Type: TABLE; Schema: public; Owner: postgres
--

CREATE TABLE public.user_roles (
    id numeric DEFAULT nextval('public.user_roles_id_seq'::regclass) NOT NULL,
    user_id integer NOT NULL,
    role_id integer NOT NULL
);


ALTER TABLE public.user_roles OWNER TO postgres;

--
-- TOC entry 198 (class 1259 OID 35729)
-- Name: users_ids; Type: SEQUENCE; Schema: public; Owner: postgres
--

CREATE SEQUENCE public.users_ids
    START WITH 1
    INCREMENT BY 1
    NO MINVALUE
    NO MAXVALUE
    CACHE 1;


ALTER TABLE public.users_ids OWNER TO postgres;

--
-- TOC entry 199 (class 1259 OID 35731)
-- Name: users; Type: TABLE; Schema: public; Owner: postgres
--

CREATE TABLE public.users (
    id integer DEFAULT nextval('public.users_ids'::regclass) NOT NULL,
    username character varying(10),
    password character varying(10),
    email character varying(32),
    active boolean NOT NULL
);


ALTER TABLE public.users OWNER TO postgres;

--
-- TOC entry 2233 (class 0 OID 35778)
-- Dependencies: 207
-- Data for Name: fridge_ingredients; Type: TABLE DATA; Schema: public; Owner: postgres
--

COPY public.fridge_ingredients (id, fridge_id, ingredient_id) FROM stdin;
\.


--
-- TOC entry 2229 (class 0 OID 35747)
-- Dependencies: 203
-- Data for Name: fridges; Type: TABLE DATA; Schema: public; Owner: postgres
--

COPY public.fridges (id, user_id) FROM stdin;
\.


--
-- TOC entry 2227 (class 0 OID 35739)
-- Dependencies: 201
-- Data for Name: ingredients; Type: TABLE DATA; Schema: public; Owner: postgres
--

COPY public.ingredients (id, name, picture_url) FROM stdin;
1	almonds	https://spoonacular.com/cdn/ingredients_100x100/almonds.jpg
2	baking soda	https://spoonacular.com/cdn/ingredients_100x100/white-powder.jpg
3	cookies	https://spoonacular.com/cdn/ingredients_100x100/shortbread-cookies.jpg
4	honey	https://spoonacular.com/cdn/ingredients_100x100/honey.png
5	low fat milk	https://spoonacular.com/cdn/ingredients_100x100/milk.png
6	olive oil	https://spoonacular.com/cdn/ingredients_100x100/olive-oil.jpg
7	rolled oats	https://spoonacular.com/cdn/ingredients_100x100/rolled-oats.jpg
8	sugar	https://spoonacular.com/cdn/ingredients_100x100/sugar-in-bowl.png
9	unsweetened shredded coconut	https://spoonacular.com/cdn/ingredients_100x100/shredded-coconut.jpg
10	vanilla	https://spoonacular.com/cdn/ingredients_100x100/vanilla.jpg
11	whole wheat pastry flour	https://spoonacular.com/cdn/ingredients_100x100/flour.png
12	bbq sauce	https://spoonacular.com/cdn/ingredients_100x100/barbecue-sauce.jpg
13	butter	https://spoonacular.com/cdn/ingredients_100x100/butter-sliced.jpg
14	fresh cilantro	https://spoonacular.com/cdn/ingredients_100x100/cilantro.png
15	mango	https://spoonacular.com/cdn/ingredients_100x100/mango.jpg
16	shredded cheddar cheese	https://spoonacular.com/cdn/ingredients_100x100/shredded-cheddar.jpg
17	shredded chicken	https://spoonacular.com/cdn/ingredients_100x100/rotisserie-chicken.png
18	tortillas	https://spoonacular.com/cdn/ingredients_100x100/flour-tortilla.jpg
19	chocolate	https://spoonacular.com/cdn/ingredients_100x100/milk-chocolate.jpg
20	cupcakes	https://spoonacular.com/cdn/ingredients_100x100/plain-cupcake.jpg
21	food coloring	https://spoonacular.com/cdn/ingredients_100x100/food-coloring.png
22	swiss chard	https://spoonacular.com/cdn/ingredients_100x100/swiss-chard.jpg
23	chile powder	https://spoonacular.com/cdn/ingredients_100x100/chili-powder.jpg
24	garlic powder	https://spoonacular.com/cdn/ingredients_100x100/garlic-powder.png
25	onion powder	https://spoonacular.com/cdn/ingredients_100x100/onion-powder.jpg
26	salt	https://spoonacular.com/cdn/ingredients_100x100/salt.jpg
27	skinless boneless chicken thighs	https://spoonacular.com/cdn/ingredients_100x100/chicken-thighs.png
28	chicken thighs	https://spoonacular.com/cdn/ingredients_100x100/chicken-thigh.jpg
29	garlic	https://spoonacular.com/cdn/ingredients_100x100/garlic.jpg
30	ginger	https://spoonacular.com/cdn/ingredients_100x100/ginger.png
31	light soy sauce	https://spoonacular.com/cdn/ingredients_100x100/soy-sauce.jpg
32	onion	https://spoonacular.com/cdn/ingredients_100x100/brown-onion.png
33	onion leaves	https://spoonacular.com/cdn/ingredients_100x100/spring-onions.jpg
34	patis	https://spoonacular.com/cdn/ingredients_100x100/asian-fish-sauce.jpg
35	peanut butter	https://spoonacular.com/cdn/ingredients_100x100/peanut-butter.png
36	pepper	https://spoonacular.com/cdn/ingredients_100x100/pepper.jpg
37	rice wine vinegar	https://spoonacular.com/cdn/ingredients_100x100/rice-vinegar.png
38	a tbsp. of sambal oelek	https://spoonacular.com/cdn/ingredients_100x100/white.jpg
39	almond meal	https://spoonacular.com/cdn/ingredients_100x100/almond-meal-or-almond-flour.jpg
40	brown sugar	https://spoonacular.com/cdn/ingredients_100x100/light-brown-sugar.jpg
41	cinnamon	https://spoonacular.com/cdn/ingredients_100x100/cinnamon.jpg
42	cinnamon stick	https://spoonacular.com/cdn/ingredients_100x100/cinnamon.jpg
43	coconut oil	https://spoonacular.com/cdn/ingredients_100x100/oil-coconut.jpg
44	eggs	https://spoonacular.com/cdn/ingredients_100x100/egg.png
45	gluten-free flour	https://spoonacular.com/cdn/ingredients_100x100/gluten-free-flour.jpg
46	oat flour	https://spoonacular.com/cdn/ingredients_100x100/brown-flour.jpg
47	powdered sugar	https://spoonacular.com/cdn/ingredients_100x100/powdered-sugar.jpg
48	pumpkin pie spice	https://spoonacular.com/cdn/ingredients_100x100/garam-masala.jpg
49	tea bags	https://spoonacular.com/cdn/ingredients_100x100/tea-bags.jpg
50	water	https://spoonacular.com/cdn/ingredients_100x100/water.png
51	canola oil	https://spoonacular.com/cdn/ingredients_100x100/vegetable-oil.jpg
52	ground cornmeal	https://spoonacular.com/cdn/ingredients_100x100/cornmeal.png
53	milk	https://spoonacular.com/cdn/ingredients_100x100/milk.png
54	okra	https://spoonacular.com/cdn/ingredients_100x100/okra.png
55	rice flour	https://spoonacular.com/cdn/ingredients_100x100/white-powder.jpg
56	dijon mustard	https://spoonacular.com/cdn/ingredients_100x100/dijon-mustard.jpg
57	ground cinnamon	https://spoonacular.com/cdn/ingredients_100x100/cinnamon.jpg
58	ground cloves	https://spoonacular.com/cdn/ingredients_100x100/cloves.jpg
59	ham	https://spoonacular.com/cdn/ingredients_100x100/ham-whole.jpg
60	calumet baking powder	https://spoonacular.com/cdn/ingredients_100x100/white-powder.jpg
61	cream	https://spoonacular.com/cdn/ingredients_100x100/fluid-cream.jpg
62	flour	https://spoonacular.com/cdn/ingredients_100x100/flour.png
63	semi-sweet chocolate	https://spoonacular.com/cdn/ingredients_100x100/dark-chocolate-pieces.jpg
64	strawberries	https://spoonacular.com/cdn/ingredients_100x100/strawberries.png
65	broccoli	https://spoonacular.com/cdn/ingredients_100x100/broccoli.jpg
66	carrots	https://spoonacular.com/cdn/ingredients_100x100/sliced-carrot.png
67	cornstarch	https://spoonacular.com/cdn/ingredients_100x100/white-powder.jpg
68	crushed red pepper	https://spoonacular.com/cdn/ingredients_100x100/red-pepper-flakes.jpg
69	ketchup	https://spoonacular.com/cdn/ingredients_100x100/ketchup.png
70	sesame oil	https://spoonacular.com/cdn/ingredients_100x100/sesame-oil.png
71	shrimp	https://spoonacular.com/cdn/ingredients_100x100/shrimp.png
72	soy sauce	https://spoonacular.com/cdn/ingredients_100x100/soy-sauce.jpg
73	baby bok choy	https://spoonacular.com/cdn/ingredients_100x100/bok-choy.jpg
74	mirin	https://spoonacular.com/cdn/ingredients_100x100/mirin.jpg
75	bell pepper	https://spoonacular.com/cdn/ingredients_100x100/yellow-bell-pepper.jpg
76	salmon steaks	https://spoonacular.com/cdn/ingredients_100x100/salmon.png
77	soba noodles	https://spoonacular.com/cdn/ingredients_100x100/uncooked-soba-noodles.png
78	vegetable oil	https://spoonacular.com/cdn/ingredients_100x100/vegetable-oil.jpg
79	wakame	https://spoonacular.com/cdn/ingredients_100x100/wakame.jpg
80	canned tomatoes	https://spoonacular.com/cdn/ingredients_100x100/tomatoes-canned.png
81	fresh basil leaves	https://spoonacular.com/cdn/ingredients_100x100/fresh-basil.jpg
82	ricotta	https://spoonacular.com/cdn/ingredients_100x100/ricotta.png
83	vegetable mix	https://spoonacular.com/cdn/ingredients_100x100/mixed-vegetables.png
84	vegetable stock cube	https://spoonacular.com/cdn/ingredients_100x100/stock-cube.jpg
85	bananas	https://spoonacular.com/cdn/ingredients_100x100/bananas.jpg
86	coconut milk	https://spoonacular.com/cdn/ingredients_100x100/coconut-milk.png
87	pineapple chunks	https://spoonacular.com/cdn/ingredients_100x100/pineapple-with-can.png
88	pineapple juice	https://spoonacular.com/cdn/ingredients_100x100/pineapple-juice.jpg
89	chili pepper	https://spoonacular.com/cdn/ingredients_100x100/red-chili.jpg
90	dried basil	https://spoonacular.com/cdn/ingredients_100x100/basil.jpg
91	eggplants	https://spoonacular.com/cdn/ingredients_100x100/eggplant.png
92	green bell pepper	https://spoonacular.com/cdn/ingredients_100x100/green-pepper.jpg
93	red pepper paste	https://spoonacular.com/cdn/ingredients_100x100/chili-paste.png
94	tomatoes	https://spoonacular.com/cdn/ingredients_100x100/roma-tomatoes.png
95	yogurt	https://spoonacular.com/cdn/ingredients_100x100/plain-yogurt.jpg
96	green lentil	https://spoonacular.com/cdn/ingredients_100x100/white.jpg
97	blueberries	https://spoonacular.com/cdn/ingredients_100x100/blueberries.jpg
98	granola cereal	https://spoonacular.com/cdn/ingredients_100x100/granola.jpg
99	lemon juice	https://spoonacular.com/cdn/ingredients_100x100/lemon-juice.jpg
100	lemon zest	https://spoonacular.com/cdn/ingredients_100x100/zest-lemon.jpg
101	peaches	https://spoonacular.com/cdn/ingredients_100x100/peach.png
102	unsalted butter	https://spoonacular.com/cdn/ingredients_100x100/butter-sliced.jpg
103	cream cheese	https://spoonacular.com/cdn/ingredients_100x100/cream-cheese.jpg
104	lime juice	https://spoonacular.com/cdn/ingredients_100x100/lime-juice.png
105	white cake mix	https://spoonacular.com/cdn/ingredients_100x100/white-cake-mix.jpg
106	white chocolate	https://spoonacular.com/cdn/ingredients_100x100/white-chocolate.jpg
107	baking powder	https://spoonacular.com/cdn/ingredients_100x100/white-powder.jpg
108	bittersweet chocolate chips	https://spoonacular.com/cdn/ingredients_100x100/chocolate-chips.jpg
109	quick cooking oats	https://spoonacular.com/cdn/ingredients_100x100/rolled-oats.jpg
110	blackberry jam	https://spoonacular.com/cdn/ingredients_100x100/blackberry-jam.png
111	half and half	https://spoonacular.com/cdn/ingredients_100x100/fluid-cream.jpg
112	sweetened condensed milk	https://spoonacular.com/cdn/ingredients_100x100/evaporated-milk.png
113	black sesame seeds	https://spoonacular.com/cdn/ingredients_100x100/black-sesame-seeds-or-chia-seeds.png
114	chili paste	https://spoonacular.com/cdn/ingredients_100x100/chili-paste.png
115	cucumber	https://spoonacular.com/cdn/ingredients_100x100/cucumber.jpg
116	hoisin sauce	https://spoonacular.com/cdn/ingredients_100x100/dark-sauce.jpg
117	low sodium chicken stock	https://spoonacular.com/cdn/ingredients_100x100/broth.jpg
118	mushrooms	https://spoonacular.com/cdn/ingredients_100x100/mushrooms.png
119	pulled pork	https://spoonacular.com/cdn/ingredients_100x100/pulled-pork.png
120	ramen noodles	https://spoonacular.com/cdn/ingredients_100x100/ramen.jpg
121	vanilla bean	https://spoonacular.com/cdn/ingredients_100x100/vanilla.jpg
122	freekeh	https://spoonacular.com/cdn/ingredients_100x100/freekeh.jpg
123	peas	https://spoonacular.com/cdn/ingredients_100x100/peas.jpg
124	pesto	https://spoonacular.com/cdn/ingredients_100x100/basil-pesto.png
125	Salt & Pepper	https://spoonacular.com/cdn/ingredients_100x100/salt-and-pepper.jpg
126	shallots	https://spoonacular.com/cdn/ingredients_100x100/shallots.jpg
127	vegetable broth	https://spoonacular.com/cdn/ingredients_100x100/chicken-broth.png
128	fresh parsley	https://spoonacular.com/cdn/ingredients_100x100/parsley-curly.png
129	low fat cottage cheese	https://spoonacular.com/cdn/ingredients_100x100/cottage-cheese.jpg
130	russet potatoes	https://spoonacular.com/cdn/ingredients_100x100/russet-or-idaho-potatoes.png
131	sauerkraut	https://spoonacular.com/cdn/ingredients_100x100/sauerkraut.jpg
132	sharp cheddar cheese	https://spoonacular.com/cdn/ingredients_100x100/cheddar-cheese.png
133	artificial vanilla flavoring	https://spoonacular.com/cdn/ingredients_100x100/vanilla-extract.jpg
134	buttermilk	https://spoonacular.com/cdn/ingredients_100x100/buttermilk.jpg
135	cake flour	https://spoonacular.com/cdn/ingredients_100x100/flour.png
136	cocoa	https://spoonacular.com/cdn/ingredients_100x100/cocoa-powder.png
137	margarine	https://spoonacular.com/cdn/ingredients_100x100/butter-sliced.jpg
138	red food color	https://spoonacular.com/cdn/ingredients_100x100/food-coloring.png
139	breakfast sausage	https://spoonacular.com/cdn/ingredients_100x100/breakfast-sausage-links.jpg
140	cherry tomatoes	https://spoonacular.com/cdn/ingredients_100x100/cherry-tomatoes.png
141	bacon	https://spoonacular.com/cdn/ingredients_100x100/raw-bacon.png
142	bay leaf	https://spoonacular.com/cdn/ingredients_100x100/bay-leaves.jpg
143	celery	https://spoonacular.com/cdn/ingredients_100x100/celery.jpg
144	dried thyme	https://spoonacular.com/cdn/ingredients_100x100/thyme.jpg
145	ears corn	https://spoonacular.com/cdn/ingredients_100x100/corn-on-the-cob.jpg
146	kosher salt	https://spoonacular.com/cdn/ingredients_100x100/salt.jpg
147	potatoes	https://spoonacular.com/cdn/ingredients_100x100/potatoes-yukon-gold.png
148	canned white beans	https://spoonacular.com/cdn/ingredients_100x100/white-beans.jpg
149	oregano leaves	https://spoonacular.com/cdn/ingredients_100x100/oregano.jpg
150	cardamom pods	https://spoonacular.com/cdn/ingredients_100x100/cardamom.jpg
151	coconut sugar	https://spoonacular.com/cdn/ingredients_100x100/brown-sugar-pile.jpg
152	ground ginger	https://spoonacular.com/cdn/ingredients_100x100/ginger.png
153	pears	https://spoonacular.com/cdn/ingredients_100x100/pears-bosc.jpg
154	jam	https://spoonacular.com/cdn/ingredients_100x100/strawberry-jam.png
155	stout beer	https://spoonacular.com/cdn/ingredients_100x100/guinness.png
156	toffee bits	https://spoonacular.com/cdn/ingredients_100x100/toffee-pieces.jpg
157	whipped cream	https://spoonacular.com/cdn/ingredients_100x100/whipped-cream.jpg
158	original mix	https://spoonacular.com/cdn/ingredients_100x100/white.jpg
159	hot sauce	https://spoonacular.com/cdn/ingredients_100x100/hot-sauce-or-tabasco.png
160	paprika	https://spoonacular.com/cdn/ingredients_100x100/paprika.jpg
161	unbaked pie crust	https://spoonacular.com/cdn/ingredients_100x100/pie-crust.jpg
162	anise extract	https://spoonacular.com/cdn/ingredients_100x100/vanilla-extract.jpg
163	anise seed	https://spoonacular.com/cdn/ingredients_100x100/aniseed-or-anise.jpg
164	chives	https://spoonacular.com/cdn/ingredients_100x100/fresh-chives.jpg
165	yellow onion	https://spoonacular.com/cdn/ingredients_100x100/brown-onion.png
166	canned tomato sauce	https://spoonacular.com/cdn/ingredients_100x100/tomato-sauce-or-pasta-sauce.jpg
167	ground chicken	https://spoonacular.com/cdn/ingredients_100x100/meat-ground.jpg
168	parmigiano reggiano	https://spoonacular.com/cdn/ingredients_100x100/parmesan.jpg
169	pizza dough	https://spoonacular.com/cdn/ingredients_100x100/pizza-dough.jpg
170	provolone	https://spoonacular.com/cdn/ingredients_100x100/provolone-slices.jpg
171	avocado	https://spoonacular.com/cdn/ingredients_100x100/avocado.jpg
172	dates	https://spoonacular.com/cdn/ingredients_100x100/dates.jpg
173	dutch process cocoa powder	https://spoonacular.com/cdn/ingredients_100x100/dutch-process-cocoa-powder.png
174	espresso powder	https://spoonacular.com/cdn/ingredients_100x100/instant-coffee-or-instant-espresso.png
175	hazelnuts	https://spoonacular.com/cdn/ingredients_100x100/hazelnuts.jpg
176	maple syrup	https://spoonacular.com/cdn/ingredients_100x100/maple-syrup.png
177	active yeast	https://spoonacular.com/cdn/ingredients_100x100/yeast-granules.jpg
178	coarse sea salt	https://spoonacular.com/cdn/ingredients_100x100/salt.jpg
179	jalapenos	https://spoonacular.com/cdn/ingredients_100x100/jalapeno-pepper.png
180	pretzel	https://spoonacular.com/cdn/ingredients_100x100/pretzels.jpg
181	cheddar	https://spoonacular.com/cdn/ingredients_100x100/cheddar-cheese.png
182	cassava flour	https://spoonacular.com/cdn/ingredients_100x100/gluten-free-flour.jpg
183	lime	https://spoonacular.com/cdn/ingredients_100x100/lime.jpg
184	maraschino cherries	https://spoonacular.com/cdn/ingredients_100x100/maraschino.jpg
185	maraschino liqueur	https://spoonacular.com/cdn/ingredients_100x100/shot-of-liquor.jpg
186	tequila	https://spoonacular.com/cdn/ingredients_100x100/tequila.png
187	cabbage	https://spoonacular.com/cdn/ingredients_100x100/cabbage.jpg
188	oyster sauce	https://spoonacular.com/cdn/ingredients_100x100/oyster-sauce.jpg
189	pork	https://spoonacular.com/cdn/ingredients_100x100/pork-tenderloin-raw.png
190	red bell pepper	https://spoonacular.com/cdn/ingredients_100x100/red-pepper.jpg
191	straw mushrooms	https://spoonacular.com/cdn/ingredients_100x100/paddy-straw-mushroom.jpg
192	tapioca starch	https://spoonacular.com/cdn/ingredients_100x100/white-powder.jpg
193	beef stew meat	https://spoonacular.com/cdn/ingredients_100x100/beef-cubes-raw.png
194	instant coffee	https://spoonacular.com/cdn/ingredients_100x100/instant-coffee-or-instant-espresso.png
195	red potatoes	https://spoonacular.com/cdn/ingredients_100x100/red-potatoes.jpg
196	capers	https://spoonacular.com/cdn/ingredients_100x100/capers.jpg
197	fresh rosemary leaves	https://spoonacular.com/cdn/ingredients_100x100/rosemary.jpg
198	lemon	https://spoonacular.com/cdn/ingredients_100x100/lemon.png
199	marsala wine	https://spoonacular.com/cdn/ingredients_100x100/red-wine.jpg
200	salmon fillets	https://spoonacular.com/cdn/ingredients_100x100/salmon.png
201	berries	https://spoonacular.com/cdn/ingredients_100x100/berries-mixed.jpg
202	coconut water	https://spoonacular.com/cdn/ingredients_100x100/coconut-water.jpg
203	green tea	https://spoonacular.com/cdn/ingredients_100x100/green-tea-leaves.jpg
204	kale	https://spoonacular.com/cdn/ingredients_100x100/kale.jpg
205	spinach	https://spoonacular.com/cdn/ingredients_100x100/spinach.jpg
206	sukrin sweetener	https://spoonacular.com/cdn/ingredients_100x100/sugar-substitute.jpg
207	ground nutmeg	https://spoonacular.com/cdn/ingredients_100x100/ground-nutmeg.jpg
208	almond extract	https://spoonacular.com/cdn/ingredients_100x100/extract.png
209	orange juice	https://spoonacular.com/cdn/ingredients_100x100/orange-juice.jpg
210	poppy seeds	https://spoonacular.com/cdn/ingredients_100x100/poppyseed.png
211	baking chocolate	https://spoonacular.com/cdn/ingredients_100x100/baking-chocolate.jpg
212	phyllo dough	https://spoonacular.com/cdn/ingredients_100x100/filo-dough.png
213	shortening	https://spoonacular.com/cdn/ingredients_100x100/shortening.jpg
214	canned coconut milk	https://spoonacular.com/cdn/ingredients_100x100/coconut-milk.png
215	roasted peanuts	https://spoonacular.com/cdn/ingredients_100x100/peanuts.png
216	thai red curry paste	https://spoonacular.com/cdn/ingredients_100x100/chili-paste.png
217	applesauce	https://spoonacular.com/cdn/ingredients_100x100/applesauce.png
218	pecan	https://spoonacular.com/cdn/ingredients_100x100/pecans.jpg
219	rum extract	https://spoonacular.com/cdn/ingredients_100x100/vanilla-extract.jpg
220	white whole wheat flour	https://spoonacular.com/cdn/ingredients_100x100/flour.png
221	chickpeas	https://spoonacular.com/cdn/ingredients_100x100/chickpeas.png
222	extra virgin olive oil	https://spoonacular.com/cdn/ingredients_100x100/olive-oil.jpg
223	lebanese cucumber	https://spoonacular.com/cdn/ingredients_100x100/cucumber-Lebanese.jpg
224	marinated artichoke hearts	https://spoonacular.com/cdn/ingredients_100x100/artichoke-hearts.png
225	salad greens	https://spoonacular.com/cdn/ingredients_100x100/mixed-greens-or-mesclun.jpg
226	gelatin	https://spoonacular.com/cdn/ingredients_100x100/gelatin-powder.jpg
227	raspberries	https://spoonacular.com/cdn/ingredients_100x100/raspberries.jpg
228	sherry	https://spoonacular.com/cdn/ingredients_100x100/dry-sherry.png
229	blackberries	https://spoonacular.com/cdn/ingredients_100x100/blackberries.jpg
230	cream of tartar	https://spoonacular.com/cdn/ingredients_100x100/white-powder.jpg
231	oreos	https://spoonacular.com/cdn/ingredients_100x100/oreos.png
232	salted butter	https://spoonacular.com/cdn/ingredients_100x100/butter.jpg
233	semisweet chocolate chips	https://spoonacular.com/cdn/ingredients_100x100/chocolate-chips.jpg
234	broccoli slaw	https://spoonacular.com/cdn/ingredients_100x100/slaw-mix.png
235	horseradish	https://spoonacular.com/cdn/ingredients_100x100/horseradish.jpg
236	mayonnaise	https://spoonacular.com/cdn/ingredients_100x100/mayonnaise.png
237	sub rolls	https://spoonacular.com/cdn/ingredients_100x100/french-rolls.jpg
238	worcestershire sauce	https://spoonacular.com/cdn/ingredients_100x100/dark-sauce.jpg
239	chicken	https://spoonacular.com/cdn/ingredients_100x100/whole-chicken.jpg
240	chicken broth	https://spoonacular.com/cdn/ingredients_100x100/chicken-broth.png
241	pasta	https://spoonacular.com/cdn/ingredients_100x100/fusilli.jpg
242	rosemary	https://spoonacular.com/cdn/ingredients_100x100/rosemary.jpg
243	thyme	https://spoonacular.com/cdn/ingredients_100x100/thyme.jpg
244	white onion	https://spoonacular.com/cdn/ingredients_100x100/white-onion.png
245	candy cane	https://spoonacular.com/cdn/ingredients_100x100/candy-canes.jpg
246	candy melts	https://spoonacular.com/cdn/ingredients_100x100/chocolate-candy-melt.png
247	cranberries	https://spoonacular.com/cdn/ingredients_100x100/cranberries.jpg
248	pistachios	https://spoonacular.com/cdn/ingredients_100x100/pistachios.jpg
249	beef stock	https://spoonacular.com/cdn/ingredients_100x100/beef-broth.png
250	gin	https://spoonacular.com/cdn/ingredients_100x100/vermouth.jpg
251	juniper berries	https://spoonacular.com/cdn/ingredients_100x100/juniper-berries.jpg
252	plums	https://spoonacular.com/cdn/ingredients_100x100/plum.jpg
253	steaks	https://spoonacular.com/cdn/ingredients_100x100/ribeye-raw.jpg
254	apple cider	https://spoonacular.com/cdn/ingredients_100x100/apple-cider.jpg
255	granny smith apples	https://spoonacular.com/cdn/ingredients_100x100/grannysmith-apple.png
256	low fat sour cream	https://spoonacular.com/cdn/ingredients_100x100/sour-cream.jpg
257	low sodium chicken broth	https://spoonacular.com/cdn/ingredients_100x100/chicken-broth.png
258	skinless boneless chicken breasts	https://spoonacular.com/cdn/ingredients_100x100/chicken-breasts.png
259	chocolate sauce	https://spoonacular.com/cdn/ingredients_100x100/chocolate-glaze.png
260	dark brown sugar	https://spoonacular.com/cdn/ingredients_100x100/dark-brown-sugar.png
261	pumpkin puree	https://spoonacular.com/cdn/ingredients_100x100/pumpkin-puree.jpg
262	vanilla bean paste	https://spoonacular.com/cdn/ingredients_100x100/molasses.jpg
263	chicken stock	https://spoonacular.com/cdn/ingredients_100x100/chicken-broth.png
264	fermented black beans	https://spoonacular.com/cdn/ingredients_100x100/douchi.jpg
265	shaoxing wine	https://spoonacular.com/cdn/ingredients_100x100/vinegar-white.jpg
266	buttery round crackers	https://spoonacular.com/cdn/ingredients_100x100/crackers.jpg
267	canned albacore tuna	https://spoonacular.com/cdn/ingredients_100x100/canned-tuna.png
268	reduced fat shredded cheddar cheese	https://spoonacular.com/cdn/ingredients_100x100/shredded-cheddar.jpg
269	skim milk	https://spoonacular.com/cdn/ingredients_100x100/milk.jpg
270	burrata	https://spoonacular.com/cdn/ingredients_100x100/burrata.png
271	fennel bulb	https://spoonacular.com/cdn/ingredients_100x100/fennel.png
272	arugula	https://spoonacular.com/cdn/ingredients_100x100/arugula-or-rocket-salad.jpg
273	balsamic vinegar	https://spoonacular.com/cdn/ingredients_100x100/balsamic-vinegar.jpg
274	fig preserves	https://spoonacular.com/cdn/ingredients_100x100/fig-preserves.jpg
275	pomegranate arils	https://spoonacular.com/cdn/ingredients_100x100/pomegranate-seeds.jpg
276	beef bones	https://spoonacular.com/cdn/ingredients_100x100/beef-soup-bone.jpg
277	beets	https://spoonacular.com/cdn/ingredients_100x100/beets.jpg
278	fresh dill	https://spoonacular.com/cdn/ingredients_100x100/dill.jpg
279	pearl barley	https://spoonacular.com/cdn/ingredients_100x100/pearl-barley.png
280	rutabaga	https://spoonacular.com/cdn/ingredients_100x100/rutabaga.jpg
281	sour cream	https://spoonacular.com/cdn/ingredients_100x100/sour-cream.jpg
282	vinegar	https://spoonacular.com/cdn/ingredients_100x100/vinegar-white.jpg
283	whole peppercorns	https://spoonacular.com/cdn/ingredients_100x100/black-pepper.png
284	blueberry juice	https://spoonacular.com/cdn/ingredients_100x100/blueberry-juice.jpg
285	vodka	https://spoonacular.com/cdn/ingredients_100x100/vodka.jpg
286	coriander seeds	https://spoonacular.com/cdn/ingredients_100x100/coriander-seeds.jpg
287	garam masala	https://spoonacular.com/cdn/ingredients_100x100/garam-masala.jpg
288	garlic paste	https://spoonacular.com/cdn/ingredients_100x100/garlic-paste.png
289	methi	https://spoonacular.com/cdn/ingredients_100x100/methi.png
290	chicken sausages	https://spoonacular.com/cdn/ingredients_100x100/chicken-or-turkey-sausage.jpg
291	roma tomatoes	https://spoonacular.com/cdn/ingredients_100x100/roma-tomatoes.png
292	whole wheat penne pasta	https://spoonacular.com/cdn/ingredients_100x100/whole-wheat-penne.jpg
293	apple butter	https://spoonacular.com/cdn/ingredients_100x100/apple-jelly.jpg
294	italian bread	https://spoonacular.com/cdn/ingredients_100x100/italian-bread.jpg
295	brownie mix	https://spoonacular.com/cdn/ingredients_100x100/brownie-isolated.png
296	caramel	https://spoonacular.com/cdn/ingredients_100x100/soft-caramels.jpg
297	caramel ice cream topping	https://spoonacular.com/cdn/ingredients_100x100/caramel-sauce.jpg
298	cherries	https://spoonacular.com/cdn/ingredients_100x100/cherries.jpg
299	chia seeds	https://spoonacular.com/cdn/ingredients_100x100/chia-seeds.jpg
300	orange	https://spoonacular.com/cdn/ingredients_100x100/orange.png
301	black lentils	https://spoonacular.com/cdn/ingredients_100x100/black-lentils.jpg
302	double cream	https://spoonacular.com/cdn/ingredients_100x100/white-cream.png
303	green chillies	https://spoonacular.com/cdn/ingredients_100x100/chili-peppers-green.jpg
304	ground coriander	https://spoonacular.com/cdn/ingredients_100x100/ground-coriander.jpg
305	ground cumin	https://spoonacular.com/cdn/ingredients_100x100/ground-cumin.jpg
306	ground turmeric	https://spoonacular.com/cdn/ingredients_100x100/turmeric.jpg
307	kidney beans	https://spoonacular.com/cdn/ingredients_100x100/kidney-beans.jpg
308	pomegranate	https://spoonacular.com/cdn/ingredients_100x100/pomegranate.jpg
309	slivered almonds	https://spoonacular.com/cdn/ingredients_100x100/almonds-slivered.png
310	tangerines	https://spoonacular.com/cdn/ingredients_100x100/mandarin-or-tangerines-or-clementines.jpg
311	sweet potatoes	https://spoonacular.com/cdn/ingredients_100x100/sweet-potato.png
312	almond butter	https://spoonacular.com/cdn/ingredients_100x100/almond-butter.jpg
313	coarse salt	https://spoonacular.com/cdn/ingredients_100x100/salt.jpg
314	egg whites	https://spoonacular.com/cdn/ingredients_100x100/egg-white.jpg
315	lime zest	https://spoonacular.com/cdn/ingredients_100x100/zest-lime.jpg
316	strawberry puree	https://spoonacular.com/cdn/ingredients_100x100/strawberry-sauce.png
317	unbleached flour	https://spoonacular.com/cdn/ingredients_100x100/flour.png
318	c	https://spoonacular.com/cdn/ingredients_100x100/white.jpg
319	matzo meal	https://spoonacular.com/cdn/ingredients_100x100/matzo.jpg
320	brussels sprouts	https://spoonacular.com/cdn/ingredients_100x100/brussels-sprouts.jpg
321	panko breadcrumbs	https://spoonacular.com/cdn/ingredients_100x100/panko.jpg
322	chipotle pepper	https://spoonacular.com/cdn/ingredients_100x100/chile-chipotle.jpg
323	tortilla chips	https://spoonacular.com/cdn/ingredients_100x100/tortilla-chips.jpg
324	apple cider vinegar	https://spoonacular.com/cdn/ingredients_100x100/apple-cider-vinegar.jpg
325	black olives	https://spoonacular.com/cdn/ingredients_100x100/black-olives.jpg
326	english cucumbers	https://spoonacular.com/cdn/ingredients_100x100/english-cucumber.png
327	feta cheese	https://spoonacular.com/cdn/ingredients_100x100/feta.png
328	red wine vinegar	https://spoonacular.com/cdn/ingredients_100x100/red-wine-vinegar.jpg
329	cherry preserves	https://spoonacular.com/cdn/ingredients_100x100/cherry-jam.jpg
330	drumsticks	https://spoonacular.com/cdn/ingredients_100x100/chicken-drumsticks.jpg
331	garlic salt	https://spoonacular.com/cdn/ingredients_100x100/garlic-salt.jpg
332	roasted pork	https://spoonacular.com/cdn/ingredients_100x100/pork-loin.jpg
333	kitchen twine	https://spoonacular.com/cdn/ingredients_100x100/white.jpg
334	ice cream cones	https://spoonacular.com/cdn/ingredients_100x100/ice-cream-cone.jpg
335	lemonade mix	https://spoonacular.com/cdn/ingredients_100x100/lemonade.jpg
336	strawberry yogurt	https://spoonacular.com/cdn/ingredients_100x100/strawberry-yogurt.jpg
337	whipped topping	https://spoonacular.com/cdn/ingredients_100x100/whipped-cream.jpg
338	greek yogurt	https://spoonacular.com/cdn/ingredients_100x100/plain-yogurt.jpg
339	cooked bacon	https://spoonacular.com/cdn/ingredients_100x100/cooked-bacon.jpg
340	ground beef	https://spoonacular.com/cdn/ingredients_100x100/fresh-ground-beef.jpg
341	pickles	https://spoonacular.com/cdn/ingredients_100x100/dill-pickles.jpg
342	rigatoni	https://spoonacular.com/cdn/ingredients_100x100/rigatoni.jpg
343	black beans	https://spoonacular.com/cdn/ingredients_100x100/black-beans.jpg
344	cayenne	https://spoonacular.com/cdn/ingredients_100x100/chili-powder.jpg
345	cheese ravioli	https://spoonacular.com/cdn/ingredients_100x100/ravioli.png
346	grape tomatoes	https://spoonacular.com/cdn/ingredients_100x100/cherry-tomatoes.png
347	asparagus	https://spoonacular.com/cdn/ingredients_100x100/asparagus.png
348	cajun seasoning	https://spoonacular.com/cdn/ingredients_100x100/chili-powder.jpg
349	creole seasoning	https://spoonacular.com/cdn/ingredients_100x100/chili-powder.jpg
350	dried chives	https://spoonacular.com/cdn/ingredients_100x100/chives-dried.jpg
351	dried dill	https://spoonacular.com/cdn/ingredients_100x100/dill.jpg
352	dried parsley	https://spoonacular.com/cdn/ingredients_100x100/dried-parsley.png
353	great northern beans	https://spoonacular.com/cdn/ingredients_100x100/white-beans.jpg
354	polenta	https://spoonacular.com/cdn/ingredients_100x100/cornmeal.png
355	tahini	https://spoonacular.com/cdn/ingredients_100x100/tahini-paste.png
356	creamy peanut butter	https://spoonacular.com/cdn/ingredients_100x100/peanut-butter.png
357	malted milk powder	https://spoonacular.com/cdn/ingredients_100x100/milk-powdered.jpg
358	pretzel twists	https://spoonacular.com/cdn/ingredients_100x100/pretzels.jpg
359	dried cranberries	https://spoonacular.com/cdn/ingredients_100x100/dried-cranberries.jpg
360	lightly sweetened whipped cream	https://spoonacular.com/cdn/ingredients_100x100/whipped-cream.jpg
361	nonfat greek yogurt	https://spoonacular.com/cdn/ingredients_100x100/plain-yogurt.jpg
362	white sweet potato	https://spoonacular.com/cdn/ingredients_100x100/sweet-potato.png
363	refrigerated crescent dinner rolls	https://spoonacular.com/cdn/ingredients_100x100/crescent-rolls.jpg
364	tomato paste	https://spoonacular.com/cdn/ingredients_100x100/tomato-paste.jpg
365	chocolate chips	https://spoonacular.com/cdn/ingredients_100x100/chocolate-chips.jpg
366	crisp rice cereal	https://spoonacular.com/cdn/ingredients_100x100/rice-crispy-cereal.png
367	peanut butter cups	https://spoonacular.com/cdn/ingredients_100x100/peanut-butter-cup.jpg
368	bread	https://spoonacular.com/cdn/ingredients_100x100/white-bread.jpg
369	5 spice powder	https://spoonacular.com/cdn/ingredients_100x100/chinese-five-spice-powder.png
370	lamb	https://spoonacular.com/cdn/ingredients_100x100/lamb-shanks.jpg
371	natural yogurt	https://spoonacular.com/cdn/ingredients_100x100/plain-yogurt.jpg
372	tomato puree	https://spoonacular.com/cdn/ingredients_100x100/tomato-paste.jpg
373	frozen artichoke hearts	https://spoonacular.com/cdn/ingredients_100x100/artichoke-hearts.png
374	low fat ricotta cheese	https://spoonacular.com/cdn/ingredients_100x100/ricotta.png
375	bacon bits	https://spoonacular.com/cdn/ingredients_100x100/bacon-bits.jpg
376	hot chocolate powder	https://spoonacular.com/cdn/ingredients_100x100/cocoa-powder.png
377	marshmallows	https://spoonacular.com/cdn/ingredients_100x100/normal-marshmallows.jpg
378	besan gram flour	https://spoonacular.com/cdn/ingredients_100x100/chickpea-flour-or-another-gluten-free-flour.jpg
379	milk powder	https://spoonacular.com/cdn/ingredients_100x100/milk-powdered.jpg
380	mint leaves	https://spoonacular.com/cdn/ingredients_100x100/mint.jpg
381	tamarind	https://spoonacular.com/cdn/ingredients_100x100/tamarind.png
382	as required	https://spoonacular.com/cdn/ingredients_100x100/white.jpg
383	puris	https://spoonacular.com/cdn/ingredients_100x100/white.jpg
384	canned garbanzo beans	https://spoonacular.com/cdn/ingredients_100x100/chickpeas.png
385	smoked paprika	https://spoonacular.com/cdn/ingredients_100x100/paprika.jpg
386	sriracha	https://spoonacular.com/cdn/ingredients_100x100/hot-sauce-or-tabasco.png
387	cream cheese frosting	https://spoonacular.com/cdn/ingredients_100x100/frosting-or-icing.png
\.


--
-- TOC entry 2231 (class 0 OID 35760)
-- Dependencies: 205
-- Data for Name: recipe_ingredients; Type: TABLE DATA; Schema: public; Owner: postgres
--

COPY public.recipe_ingredients (id, recipe_id, ingredient_id) FROM stdin;
1	1	1
2	1	2
3	1	3
4	1	4
5	1	5
6	1	6
7	1	7
8	1	8
9	1	9
10	1	10
11	1	11
12	2	12
13	2	13
14	2	14
15	2	15
16	2	16
17	2	17
18	2	18
19	3	19
20	3	20
21	3	21
22	3	22
23	4	23
24	4	24
25	4	4
26	4	25
27	4	26
28	4	27
29	5	28
30	5	29
31	5	30
32	5	31
33	5	32
34	5	33
35	5	34
36	5	35
37	5	36
38	5	37
39	5	38
40	6	39
41	6	2
42	6	40
43	6	41
44	6	42
45	6	43
46	6	44
47	6	45
48	6	46
49	6	47
50	6	48
51	6	49
52	6	50
53	7	51
54	7	44
55	7	52
56	7	36
57	7	53
58	7	54
59	7	55
60	7	26
61	8	40
62	8	56
63	8	53
64	8	29
65	8	57
66	8	58
67	8	59
68	8	4
69	8	50
70	9	13
71	9	60
72	9	61
73	9	44
74	9	62
75	9	8
76	9	53
77	9	47
78	9	26
79	9	63
80	9	64
81	9	10
82	10	65
83	10	51
84	10	66
85	10	67
86	10	68
87	10	29
88	10	30
89	10	4
90	10	69
91	10	70
92	10	71
93	10	72
94	10	50
95	11	73
96	11	29
97	11	30
98	11	31
99	11	74
100	11	75
101	11	37
102	11	76
103	11	26
104	11	70
105	11	77
106	11	8
107	11	78
108	11	79
109	12	80
110	12	81
111	12	29
112	12	82
113	12	83
114	12	84
115	13	85
116	13	86
117	13	87
118	13	88
119	14	36
120	14	89
121	14	90
122	14	91
123	14	29
124	14	92
125	14	6
126	14	32
127	14	93
128	14	26
129	14	94
130	14	50
131	14	95
132	14	96
133	15	97
134	15	98
135	15	8
136	15	99
137	15	100
138	15	40
139	15	101
140	15	102
141	15	10
142	16	103
143	16	44
144	16	8
145	16	104
146	16	10
147	16	78
148	16	50
149	16	105
150	16	106
151	17	1
152	17	107
153	17	108
154	17	13
155	17	44
156	17	8
157	17	40
158	17	109
159	17	26
160	17	10
161	18	110
162	18	111
163	18	61
164	18	112
165	18	10
166	19	113
167	19	114
168	19	115
169	19	44
170	19	29
171	19	116
172	19	117
173	19	118
174	19	119
175	19	120
176	19	33
177	19	70
178	19	72
179	19	102
180	20	107
181	20	62
182	20	8
183	20	61
184	20	47
185	20	26
186	20	26
187	20	102
188	20	121
189	20	121
190	20	44
191	20	53
192	21	122
193	21	6
194	21	123
195	21	124
196	21	125
197	21	126
198	21	127
199	22	44
200	22	62
201	22	128
202	22	129
203	22	6
204	22	6
205	22	6
206	22	32
207	22	36
208	22	130
209	22	26
210	22	26
211	22	131
212	22	132
213	22	50
214	22	50
215	22	11
216	23	133
217	23	2
218	23	13
219	23	134
220	23	135
221	23	136
222	23	47
223	23	103
224	23	44
225	23	137
226	23	138
227	23	8
228	23	10
229	24	62
230	24	107
231	24	139
232	24	134
233	24	140
234	24	44
235	24	33
236	24	36
237	24	26
238	24	132
239	24	102
240	25	141
241	25	142
242	25	143
243	25	144
244	25	145
245	25	29
246	25	146
247	25	32
248	25	147
249	25	127
250	26	80
251	26	148
252	26	66
253	26	29
254	26	36
255	26	6
256	26	6
257	26	32
258	26	149
259	26	68
260	26	127
261	27	150
262	27	43
263	27	151
264	27	152
265	27	153
266	27	26
267	28	154
268	28	155
269	28	8
270	28	156
271	28	136
272	28	157
273	28	158
274	29	44
275	29	61
276	29	159
277	29	53
278	29	160
279	29	36
280	29	26
281	29	16
282	29	161
283	30	162
284	30	163
285	30	107
286	30	44
287	30	62
288	30	8
289	30	146
290	30	102
291	30	10
292	31	141
293	31	51
294	31	164
295	31	44
296	31	128
297	31	61
298	31	146
299	31	75
300	31	130
301	31	102
302	31	165
303	32	81
304	32	166
305	32	52
306	32	128
307	32	29
308	32	167
309	32	6
310	32	32
311	32	149
312	32	168
313	32	169
314	32	170
315	32	68
316	32	125
317	33	171
318	33	172
319	33	173
320	33	174
321	33	175
322	33	176
323	33	10
324	34	177
325	34	2
326	34	178
327	34	56
328	34	62
329	34	4
330	34	179
331	34	40
332	34	53
333	34	180
334	34	181
335	34	132
336	34	102
337	34	50
338	34	50
339	35	182
340	35	44
341	35	178
342	35	132
343	35	78
344	35	53
345	36	97
346	36	183
347	36	104
348	36	184
349	36	185
350	36	186
351	37	187
352	37	66
353	37	29
354	37	30
355	37	118
356	37	32
357	37	188
358	37	36
359	37	189
360	37	190
361	37	26
362	37	70
363	37	191
364	37	8
365	37	192
366	37	78
367	38	12
368	38	193
369	38	66
370	38	194
371	38	51
372	38	32
373	38	123
374	38	195
375	39	36
376	39	196
377	39	197
378	39	198
379	39	99
380	39	199
381	39	6
382	39	200
383	39	26
384	40	201
385	40	202
386	40	203
387	40	204
388	40	205
389	40	64
390	40	206
391	41	36
392	41	29
393	41	207
394	41	61
395	41	130
396	41	26
397	42	62
398	42	208
399	42	208
400	42	1
401	42	163
402	42	107
403	42	13
404	42	13
405	42	44
406	42	8
407	42	209
408	42	210
409	42	26
410	42	8
411	42	10
412	42	10
413	42	78
414	42	53
415	43	211
416	43	13
417	43	57
418	43	212
419	43	63
420	43	213
421	43	8
422	44	214
423	44	14
424	44	34
425	44	30
426	44	99
427	44	195
428	44	215
429	44	27
430	44	8
431	44	216
432	44	50
433	45	217
434	45	107
435	45	41
436	45	43
437	45	44
438	45	176
439	45	53
440	45	218
441	45	219
442	45	26
443	45	220
444	46	1
445	46	221
446	46	56
447	46	222
448	46	223
449	46	99
450	46	224
451	46	225
452	46	125
453	46	33
454	47	226
455	47	61
456	47	100
457	47	227
458	47	228
459	47	8
460	48	229
461	48	110
462	48	230
463	48	61
464	48	231
465	48	232
466	48	233
467	48	8
468	49	234
469	49	234
470	49	56
471	49	29
472	49	235
473	49	99
474	49	100
475	49	236
476	49	159
477	49	126
478	49	71
479	49	237
480	49	238
481	50	36
482	50	66
483	50	143
484	50	239
485	50	240
486	50	29
487	50	6
488	50	128
489	50	241
490	50	242
491	50	178
492	50	243
493	50	244
494	51	245
495	51	246
496	51	246
497	51	246
498	51	247
499	51	248
500	52	249
501	52	13
502	52	29
503	52	250
504	52	251
505	52	252
506	52	253
507	52	243
508	53	254
509	53	144
510	53	128
511	53	255
512	53	256
513	53	257
514	53	6
515	53	125
516	53	126
517	53	258
518	54	62
519	54	107
520	54	2
521	54	134
522	54	259
523	54	260
524	54	108
525	54	44
526	54	146
527	54	176
528	54	48
529	54	261
530	54	102
531	54	262
532	54	157
533	55	263
534	55	67
535	55	67
536	55	264
537	55	29
538	55	92
539	55	36
540	55	51
541	55	188
542	55	26
543	55	26
544	55	33
545	55	70
546	55	265
547	55	265
548	55	71
549	55	72
550	55	8
551	55	78
552	56	62
553	56	266
554	56	118
555	56	267
556	56	66
557	56	143
558	56	240
559	56	56
560	56	144
561	56	29
562	56	36
563	56	146
564	56	32
565	56	241
566	56	123
567	56	268
568	56	269
569	56	102
570	57	270
571	57	222
572	57	271
573	57	81
574	57	101
575	57	125
576	57	94
577	58	272
578	58	273
579	58	41
580	58	68
581	58	274
582	58	176
583	58	225
584	58	6
585	58	275
586	58	225
587	58	26
588	58	125
589	59	142
590	59	276
591	59	277
592	59	187
593	59	80
594	59	66
595	59	143
596	59	278
597	59	32
598	59	279
599	59	147
600	59	280
601	59	26
602	59	281
603	59	282
604	59	50
605	59	283
606	60	97
607	60	284
608	60	30
609	60	99
610	60	285
611	61	89
612	61	286
613	61	14
614	61	287
615	61	288
616	61	92
617	61	61
618	61	289
619	61	118
620	61	51
621	61	32
622	61	94
623	62	290
624	62	128
625	62	81
626	62	29
627	62	36
628	62	6
629	62	149
630	62	168
631	62	291
632	62	26
633	62	292
634	63	293
635	63	41
636	63	103
637	63	44
638	63	61
639	63	294
640	63	176
641	63	47
642	63	47
643	63	10
644	64	295
645	64	13
646	64	296
647	64	297
648	64	44
649	64	194
650	64	53
651	64	51
652	64	47
653	64	178
654	64	10
655	64	50
656	65	62
657	65	40
658	65	40
659	65	13
660	65	41
661	65	67
662	65	255
663	65	8
664	65	207
665	65	99
666	65	7
667	65	227
668	65	26
669	65	10
670	65	50
671	66	85
672	66	298
673	66	299
674	66	300
675	66	64
676	66	50
677	67	142
678	67	301
679	67	13
680	67	302
681	67	14
682	67	287
683	67	29
684	67	30
685	67	303
686	67	304
687	67	305
688	67	306
689	67	307
690	67	32
691	68	171
692	68	65
693	68	222
694	68	271
695	68	308
696	68	125
697	68	309
698	68	310
699	69	243
700	69	5
701	69	168
702	69	147
703	69	125
704	69	311
705	70	312
706	70	172
707	70	57
708	70	207
709	70	7
710	70	136
711	70	10
712	71	107
713	71	134
714	71	313
715	71	314
716	71	61
717	71	104
718	71	315
719	71	26
720	71	316
721	71	8
722	71	186
723	71	317
724	71	102
725	71	102
726	71	318
727	72	40
728	72	44
729	72	4
730	72	319
731	72	319
732	72	26
733	72	102
734	72	10
735	73	36
736	73	320
737	73	44
738	73	62
739	73	24
740	73	6
741	73	321
742	73	160
743	73	26
744	74	171
745	74	166
746	74	80
747	74	240
748	74	23
749	74	89
750	74	322
751	74	14
752	74	14
753	74	305
754	74	29
755	74	179
756	74	183
757	74	32
758	74	36
759	74	26
760	74	16
761	74	17
762	74	159
763	74	94
764	74	323
765	75	324
766	75	325
767	75	326
768	75	327
769	75	6
770	75	36
771	75	210
772	75	328
773	75	26
774	75	94
775	75	165
776	76	208
777	76	1
778	76	107
779	76	13
780	76	8
781	76	329
782	76	44
783	76	57
784	76	178
785	76	10
786	76	11
787	77	273
788	77	56
789	77	330
790	77	331
791	77	176
792	77	36
793	78	128
794	78	100
795	78	6
796	78	149
797	78	170
798	78	68
799	78	332
800	78	333
801	79	13
802	79	334
803	79	335
804	79	64
805	79	336
806	79	8
807	79	50
808	79	337
809	80	141
810	80	13
811	80	181
812	80	263
813	80	62
814	80	29
815	80	338
816	80	36
817	80	6
818	80	32
819	80	147
820	80	33
821	80	178
822	81	12
823	81	313
824	81	339
825	81	29
826	81	340
827	81	6
828	81	32
829	81	341
830	81	328
831	81	342
832	81	132
833	81	94
834	82	2
835	82	40
836	82	41
837	82	154
838	82	207
839	82	101
840	82	26
841	82	8
842	82	317
843	82	102
844	82	10
845	83	171
846	83	343
847	83	344
848	83	345
849	83	23
850	83	322
851	83	305
852	83	14
853	83	145
854	83	29
855	83	346
856	83	179
857	83	104
858	83	6
859	83	32
860	83	149
861	83	36
862	83	190
863	83	26
864	83	132
865	84	272
866	84	347
867	84	171
868	84	12
869	84	348
870	84	344
871	84	221
872	84	349
873	84	350
874	84	351
875	84	352
876	84	29
877	84	346
878	84	353
879	84	99
880	84	6
881	84	6
882	84	25
883	84	168
884	84	36
885	84	354
886	84	26
887	84	125
888	84	132
889	84	281
890	84	355
891	85	62
892	85	2
893	85	356
894	85	44
895	85	146
896	85	40
897	85	357
898	85	53
899	85	358
900	85	233
901	85	112
902	85	102
903	85	10
904	86	234
905	86	56
906	86	359
907	86	33
908	86	99
909	86	360
910	86	176
911	86	361
912	86	26
913	87	36
914	87	66
915	87	43
916	87	242
917	87	29
918	87	255
919	87	178
920	87	362
921	88	136
922	88	314
923	88	194
924	88	47
925	88	26
926	88	233
927	88	10
928	89	107
929	89	97
930	89	13
931	89	44
932	89	62
933	89	207
934	89	26
935	89	8
936	89	10
937	89	53
938	90	1
939	90	80
940	90	66
941	90	44
942	90	14
943	90	128
944	90	57
945	90	305
946	90	36
947	90	32
948	90	160
949	90	363
950	90	26
951	90	258
952	90	364
953	90	78
954	91	177
955	91	62
956	91	44
957	91	44
958	91	53
959	91	178
960	91	8
961	91	102
962	92	40
963	92	365
964	92	43
965	92	366
966	92	4
967	92	7
968	92	35
969	92	367
970	92	10
971	93	368
972	93	181
973	93	89
974	93	103
975	93	33
976	93	59
977	93	281
978	94	62
979	94	62
980	94	107
981	94	97
982	94	44
983	94	8
984	94	8
985	94	338
986	94	146
987	94	146
988	94	102
989	94	102
990	94	10
991	95	369
992	95	13
993	95	212
994	95	29
995	95	305
996	95	152
997	95	370
998	95	371
999	95	6
1000	95	32
1001	95	372
1002	95	127
1003	96	325
1004	96	44
1005	96	44
1006	96	62
1007	96	243
1008	96	373
1009	96	29
1010	96	100
1011	96	5
1012	96	374
1013	96	6
1014	96	128
1015	96	26
1016	96	8
1017	96	102
1018	96	165
1019	97	62
1020	97	375
1021	97	107
1022	97	296
1023	97	44
1024	97	376
1025	97	146
1026	97	40
1027	97	377
1028	97	365
1029	97	233
1030	97	102
1031	97	10
1032	98	378
1033	98	305
1034	98	172
1035	98	14
1036	98	14
1037	98	30
1038	98	303
1039	98	379
1040	98	380
1041	98	32
1042	98	147
1043	98	26
1044	98	381
1045	98	50
1046	98	382
1047	98	383
1048	99	384
1049	99	14
1050	99	29
1051	99	305
1052	99	99
1053	99	6
1054	99	26
1055	99	70
1056	99	385
1057	99	386
1058	100	62
1059	100	107
1060	100	2
1061	100	387
1062	100	44
1063	100	8
1064	100	57
1065	100	152
1066	100	207
1067	100	61
1068	100	146
1069	100	40
1070	100	311
1071	100	102
1072	100	10
\.


--
-- TOC entry 2223 (class 0 OID 35720)
-- Dependencies: 197
-- Data for Name: recipes; Type: TABLE DATA; Schema: public; Owner: postgres
--

COPY public.recipes (id, name, preparation, preparation_time, recipe_types, image, smart_points) FROM stdin;
1	Oatmeal, coconut and almond cookies	Preheat oven to 350 F. Line cookie sheets with parchment paper and set aside.In a mixing bowl add all of the ingredients. Combine with a rubber spatula and/or using your hands to mix throughly, I use my hands towards the end :-) (You may need to add a couple more tablespoons of milk to the dough to make sure it sticks together)Place spoonfuls of cookies 2 inches apart, as they will expand during baking, and flatten slightly with a fork or your fingers.Bake for 12-15 minutes or until they begin to brown around the edges. Cool cookies in cookie sheets for about 5 minutes and transfer to a wire rack to cool completely.	45	Regular	https://spoonacular.com/recipeImages/553331-556x370.jpg	5
2	BBQ Chicken and Mango Quesadillas	In a small pan melt a little bit of the butter over medium heat, and add a tortilla. Top with a third of the cheese, a third of the chicken, mango slices, drizzle with BBQ sauce and add some cilantro. Cook until bottom is golden brown, lay another tortilla on top and carefully flip over and cook until bottom tortilla is golden brown.Repeat with remaining ingredients.	15	GlutenFree, veryPopular	https://spoonacular.com/recipeImages/559458-556x370.jpg	22
3	Pot of Gold Cupcakes	Using a thin (clean) artist brush, paint stripes of food coloring along the inside of a large pastry bag fitted with a 1M tip.Fill the bag with Swiss buttercream and pipe the frosting on the cooled cupcakes.Garnish each cupcake with a gold coin.	45	GlutenFree, dairyFree, veryPopular, comfortFood, lowFoodMap	https://spoonacular.com/recipeImages/814039-556x370.jpg	7
4	Honey Chipotle Chicken	Preheat gas or charcoal grill to medium heat. Mix spice (first 4 ingredients) together and sprinkle evenly over both sides of chicken thighs. Rub in with hands. Grill over medium heat about 5 minutes per side. Brush both sides with honey and serve warm. You can remove to platter to brush with honey if easier.	15	GlutenFree, dairyFree	https://spoonacular.com/recipeImages/550299-556x370.jpg	6
5	Chicken with spicy peanut butter sauce	InstructionsPlace the chicken thighs, skin side down, in a hot frying pan. Cook over high heat until the skins render fat and turn brown. Flip to brown the other side. Pour off the fat, if you prefer.Add the onion, ginger, garlic and sambal oelek (or chilis). Pour in the soy sauce, fish sauce and rice wine vinegar.Stir the chicken with the sauces and spices. Bring to the boil then lower the heat. Cover and cook over low heat for 30 to 40 minutes, depending on the size of the chicken thighs.Add the peanut butter. Stir to dissolve the peanut butter in the hot liquid.Boil, uncovered, until the sauce is rich and thick. Add black pepper. Season with more fish sauce, if needed.Sprinkle with finely chopped onion leaves and serve with rice or unleavened bread.	45	GlutenFree, dairyFree, ketogenic	https://spoonacular.com/recipeImages/523481-556x370.jpg	18
6	Cinnamon Almond & Oat Scones	Bring the water to a boil. Add tea bags and steep for 5 minutes. Squeeze all of the liquid out of the tea bags.In a large bowl, mix the oat flour, almond meal, all-purpose flour, sugar, pumpkin pie spice, and baking soda.Cut the shortening into the flour.Stir in 1/2 cup of the strong brewed tea.Add the eggs and mix well.Form the dough into a ball and place on greased baking sheet or pizza pan.Roll out the dough into a 9 inch circle. Use a pizza cutter to to divide the circle into 8 pieces.Place in the oven and bake at 425 degrees for 15 minutes.Place baking sheet on a cooling rack. Use a knife to slightly separate the scones.While the scones cool, mix together the remaining tea with the powdered sugar. Use a whisk and beat until all of the sugar has dissolved and is lump free.Top the scones with glaze by either pouring or drizzling the glaze over the scones.	30	Vegetarian, glutenFree, dairyFree, comfortFood, lowFoodMap	https://spoonacular.com/recipeImages/532602-556x370.jpg	16
7	Gluten-Free Fried Okra (Yep, I fried it!)	**If you want to keep the fried okra warm in the oven, preheat it to 225 degrees.Prepare a sheet pan by lining it with waxed paper.In a large bowl, whisk together the eggs and milk.  In a separate bowl, mix together the cornmeal, rice flour, salt, and pepper.  Add the sliced okra to the milk mixture, then move it to the cornmeal mixture and toss it around to coat.  Its ok to get your hands in the mix  it works better that way.  Move breaded okra to the lined sheet pan.  Repeat until all of the okra has been breaded.Heat oil in an enameled cast-iron dutch oven (I used my 6 quart dutch oven but a smaller one would work.) until the temperature reaches 375 degrees on a candy thermometer.  Transfer about 1/3  1/2 of the okra to the hot oil, depending on how large your skillet it, with a slotted spoon or mesh frying spoon.  Let cook until golden brown, about 2  3 minutes.  Transfer to a plate lined with a double layer of paper towels.  Once it has drained, you can move that to an oven-safe crock and keep it warm if desired.	45	Vegetarian, glutenFree	https://spoonacular.com/recipeImages/539716-556x370.png	18
8	Brown Sugar Mustard Glazed Ham	Preheat the oven to 300F | 150C and arrange a rack in the lower third. Remove any plastic packaging or netting from the ham. Trim away the rind and discard. Set the ham aside to rest at room temperature for 1-2 hours.Line a baking tray or dish with several sheets of aluminium foil or parchment paper if you prefer (it will make cleanup a lot easier). Remove the rind or skin of the ham (refer to steps in post), ensuring you leave the fat on. Using a sharp knife score a 1-inch-wide diamond pattern (dont cut more than 1/4 inch deep) over the entire ham. Place the ham in the baking tray; pour 1/3 cup of water into the base of the pan and cover the ham with two pieces of foil or parchment paper and bake for 30 minutes.Meanwhile, heat the butter in a small pot or saucepan over medium heat until golden browned. Add in the brown sugar, honey, mustard, cinnamon and cloves, stirring to mix together well until the brown sugar has completely dissolved, (about 2 minutes). Reduce heat to low and add in the garlic. Allow it to become fragrant, cooking for a further minute or two until the glaze just begins to simmer, then set it aside and let cool to lukewarm (the glaze should be the consistency of room-temperature honey).After 30 minutes baking time, carefully remove the ham from the oven and increase the oven temperature to 425F | 220C. Discard the foil or parchment paper and pour 1/3 of the glaze all over the ham, brushing in between the cuts to evenly cover. Return to the oven and bake uncovered for 15 minutes.Remove from the oven, brush with another third of the glaze and some of the pan juices, and repeat again after 15 minutes more minutes of baking until a dark golden-brown crust has formed, (about 30 minutes total). For added depth of flavour, mix some of the ham pan juices together with the glaze in the pot which will help keep it runny enough for brushing. If your crust is still pink after there suggested baking time, turn on your broiler (or oven grill), and allow it to broil for 2-5 minutes, while keeping an eye on it so it doesn't burn from the sugar. Let the ham rest 10-20 minutes before slicing.	90	GlutenFree	https://spoonacular.com/recipeImages/954699-556x370.jpg	14
9	Chocolate Belgian Waffles	Heat lightly greased Belgian waffle maker.                                            Microwave chocolate and butter in small microwaveable bowl on HIGH 1 to 1-1/2 min. or until butter is melted.  Stir until chocolate is completely melted and mixture is well blended.                                             Combine flour, granulated sugar, baking powder and salt in large bowl.  Add milk, sour cream, eggs and vanilla; mix well.  Stir in chocolate mixture.                                            Use batter to make 8 waffles as directed in manufacturer's directions.                                               Serve warm topped with strawberries and powdered sugar.	30	Regular	https://spoonacular.com/recipeImages/283182-556x370.jpg	12
10	Easy Shrimp Stir-Fry	InstructionsNote: click on times in the instructions to start a kitchen timer while cooking.\nAdd the water, ketchup, soy sauce, cornstarch, honey, crushed red pepper and sesame oil together in a small bowl and whisk.\n\n\nAdd the canola oil to a large skillet over medium-high heat and add in the shrimp, ginger and garlic, cooking on each side for 1-2 minutes.\n\n\nAdd in the broccoli and carrots and the sauce, stir and cover for 3 minutes until the broccoli and carrots are tender and the sauce is thickened.	20	GlutenFree, dairyFree	https://spoonacular.com/recipeImages/1040547-556x370.jpg	5
11	Japanese Salmon Soba Noodles	Rinse salmon and wipe dry. Use tweezers or pliers to remove the pin bones. Season with salt and pepper. Heat oil in a frying pan. Cook the salmon steaks over medium high heat with skin side first, until both sides are brown or cooked to your liking.	25	DairyFree	https://spoonacular.com/recipeImages/526308-556x370.jpg	14
12	Chunky Mediterranean tomato soup	Heat a large non-stick pan, tip in half the vegetables and the garlic, and cook, stirring, over a high heat until they start to soften  about 5 mins. Tip in the basil, tomatoes, stock cube and 2 cans of water, then blitz with a hand blender to get the mixture as smooth as you can.Add the remaining frozen veg, cover the pan and cook for 15-20 mins more until the veg is tender. Ladle into bowls. Serve with the herby ricotta on rye bread.	35	Vegetarian, glutenFree	https://spoonacular.com/recipeImages/216007-556x370.jpg	1
13	Coconut pineapple banana smoothie	Instructions\n\n\n\nAdd all the ingredients to your Froothie blender. Starting at a low speed, turn the blender on, and gradually increase the speed to medium. Blend for around 1 minute, until smooth. Serve chilled.\n\n\nNote: this recipe makes a beautifully thick smoothie. If youd like to make it thinner, just add a little more juice or milk.	5	Vegetarian, vegan, glutenFree, dairyFree, veryPopular	https://spoonacular.com/recipeImages/988173-556x370.jpg	12
14	Eggplant With Lentil	Wash eggplants and peel them in pyjamas (as in the picture). Do not cut their heads.Cut them in half if they are too long.Slice eggplants lengthwise leaving their ends.Chop all vegetables in a bowl for the filling, add lentils and pepper paste.Add olive oil to the mixture.Add salt, dried basil and black pepper. Mix them all.Fill the slices of eggplants with the mixture.Place them in a pot and pour 1 cup water into it.Drizzle 2 tbsp olive oil over eggplants.Cook it ver high heat for 3 minutes, then bring it to the lowest and cook for 45 minutes.Serve it hot or warm.For the yogurt sauce, mix mashed garlic with yogurt. And drizzle it on dilmes.	78	GlutenFree, veryHealthy	https://spoonacular.com/recipeImages/581908-556x370.jpg	3
15	Peach and Blueberry Crumble	Heat oven to 350 degrees F.Mix 3 tablespoons melted butter, brown sugar, granulated sugar, vanilla extract, lemon zest and lemon juice together in a medium mixing bowl. Add peaches and blueberries. Mix to combine. Pour into a baking dish.Top with granola cereal and the remaining melted butter. Bake for 25 to 30 minutes. Allow to cool for about 5 minutes. Serve warm topped with vanilla ice cream.Crumble can be stored in the refrigerator for 1 to 2 days, reheat so it's warm before serving.	35	Vegetarian, veryPopular	https://spoonacular.com/recipeImages/530929-556x370.jpg	16
16	White Chocolate Cheesecake Filled Key Lime Bundt Cake	Preheat oven to 325 degrees F. Spray a regular size Bundt pan with baking spray.Prepare filling. Melt the white chips in the top of a double boiler or in a microwave-safe bowl using 50% power and stirring every 30 seconds. Meanwhile, in a medium size mixing bowl, beat the cream cheese, sugar and vanilla with an electric mixer until smooth. Beat in the melted white chips. Set aside.In a large mixing bowl, combine the cake mix ingredients. Using an electric mixer, beat for 2 minutes on high until smooth. Pour about 1/2 of the batter into the Bundt pan. Spoon the white chocolate mixture in a ring in the center of the cake batter, being careful not to let it touch the sides. Spread remaining cake batter over the white batter.Bake cake for 45 to 55 minutes or until a tester inserted comes out clean. Let cool in pan for 10 minutes, then carefully turn from pan. Let cool completely.Spoon the lime icing into a heavy duty zipper bag. Snip off the end of the bag and squeeze the icing all over the cake.Makes 24 servings	60	Regular	https://spoonacular.com/recipeImages/259306-556x370.jpg	21
17	Dark Chocolate Chip Oatmeal Cookies	Preheat oven to 350 degrees F.In the bowl of a stand mixer fitted with a paddle attachment, beat the cool butter until creamy. Add salt and both sugars and continue beating until smooth  dont try to beat until fluffy or light, just smooth. Add the egg and beat just until mixed, then beat in the vanilla.Mix together the flour and the baking soda. Stir flour mixture into the egg mixture until blended. Stir in the oats and the chocolate chips.Scoop up about 32 heaping tablespoons of batter and shape into balls. Press tops of balls down slightly to make discs. Chill the balls until ready to use or bake immediately.To bake, arrange dough pieces about 2  inches apart on parchment lined baking sheets. Bake for 12 to 15 minutes or until cookies appear set. Let cool for about five minutes on baking sheets, then transfer to a wire rack and let cool completely.	25	Vegetarian, glutenFree, comfortFood, lowFoodMap	https://spoonacular.com/recipeImages/258653-556x370.jpg	9
18	Vanilla Blackberry Jam Ice Cream	Combine sweetened condensed milk, cream, and half and half in a large bowl. Add vanilla extract and 2 tablespoons of the jam to the milk mixture. Whisk until completely combined.Pour milk/cream mixture into your ice cream maker.Meanwhile, while ice cream is churning, heat the remaining jam in a small saucepan over medium heat until jam is thin and liquid-like. Drizzle the thinned jam into the ice cream maker five minutes before the churning is complete.Transfer thickened ice cream to a freezable container and freeze overnight.	40	Vegetarian, glutenFree	https://spoonacular.com/recipeImages/527196-556x370.jpg	73
19	Spicy Pulled Pork Ramen	First, if you want to cook pork specifically for this recipe, I recommend this oven roasted version or this slow cooker version.Heat a large skillet over medium heat and add the butter. Once melted, add the mushrooms and garlic and toss. Cook until the mushrooms are soft and juicy, about 5 minutes. Set aside.While the mushrooms are cooking, bring the stock to a simmer. Stir in the soy sauce and hoisin sauce. Cook your eggs too! I like to soft boil mine - but poaching is good too. Place the ramen blocks in two large bowls. Add the pork, scallions and a few cucumber slices to each bowl. Pour the stock over both blocks evenly and let sit for 2 to 3 minutes before stirring. Add mushrooms to each bowl and stir in a few more cucumber slices. At this point you could separate into two more bowls if you want 4 servings. Stir in the chili garlic paste (I do about a tablespoon per bowl for SPICY!) and add your egg and nori sheets. Sprinkle with sesame seeds and drizzle with toasted sesame oil. Serve immediately.	30	Regular	https://spoonacular.com/recipeImages/692590-556x370.jpg	11
20	Mini Vanilla Scones with Vanilla Bean Glaze	For the scones: Preheat the oven to 350 degrees F. Split the vanilla beans in half lengthwise and scrape out all the vanilla "caviar" inside. Stir the caviar into the cream. Set aside for 15 minutes.                          Sift together the flour, granulated sugar, baking powder and salt. Cut the cold butter into pats, and then use a pastry cutter or two knives to cut the butter into the flour. Keep going until the mixture resembles crumbs.                          Mix the vanilla cream with the egg, and then combine with the flour mixture. Stir gently with a fork just until it comes together.                          Turn the dough onto a floured surface and lightly press it together until it forms a rough rectangle. (Mixture will be pretty crumbly.) Use a rolling pin to roll into a rectangle about 12-by-7 inches and 1/2-to-3/4-inches thick. Use your hands to help with the forming if necessary. Then cut the rectangle into 12 symmetrical squares/rectangles. Next, cut each square/rectangle in half diagonally, to form two triangles. Transfer to a parchment or baking-mat-lined cookie sheet and bake for 18 minutes, removing from the oven just before they start to turn golden. Allow to cool for 15 minutes on the cookie sheet, and then transfer to a cooling rack to cool completely.                          For the glaze: Split the vanilla bean in half lengthwise and scrape out the caviar. Stir the caviar into the milk. Set aside for 15 minutes.                          Mix the powdered sugar and salt with the vanilla milk, adding more powdered sugar or milk if necessary to get the right consistency. Stir or whisk until completely smooth.                          One at a time, carefully dunk each cooled scone in the glaze, turning it over if necessary. Transfer to parchment paper or the cooling rack. Allow the glaze to set completely, about an hour. Scones will keep several days if glazed.	130	Vegetarian	https://spoonacular.com/recipeImages/324254-556x370.jpeg	13
21	Pea Soup with Freekeh and Pesto	Heat a large pot over medium-low heat. Add olive oil followed by minced shallots. Cook until shallots are soft and translucent, 4 to 5 minutes.Stir in the freekeh, followed by the 3 cups of the vegetable broth. Bring to a boil, reduce to a simmer, cover, and let cook for 15 minutes.After 15 minutes, uncover and add the peas. Continue to cook for another 5 minutes or so until the freekeh is tender. Remove from heat, stir in the pesto, and add salt/pepper to your liking.	30	Vegetarian, vegan, dairyFree	https://spoonacular.com/recipeImages/764260-556x370.jpg	14
22	Potato-Cheese Pierogi with Sauerkraut	To prepare dough: Whisk whole-wheat flour, all-purpose flour and 2 teaspoons salt in a large bowl. Whisk 1/3 cup oil and eggs in a small bowl. Add to the dry ingredients along with 1 cup warm water and stir to combine. Add more water, 1 tablespoon at a time, stirring, until a soft, slightly sticky dough forms. Knead a couple of times in the bowl. Shape into 3 disks, wrap each in plastic wrap and chill for 1 hour.To prepare filling: Place potatoes in a large saucepan and cover with water. Bring to a boil and cook until very tender, 15 to 17 minutes.Meanwhile, heat 1 1/2 teaspoons oil in a large skillet over medium heat. Add onion and cook, stirring occasionally, until tender and beginning to brown, about 5 minutes.When the potatoes are done, drain well and return to the pan. Mash the potatoes with cottage cheese, then stir in the onion, sauerkraut, Cheddar, 1/2 teaspoon salt and pepper.To prepare pierogi: Put a large pot of water on to boil. Coat 1 large baking sheet with cooking spray; place next to the stove. Very generously dust 2 more large baking sheets with flour.Place a small bowl of water and the pierogi filling near your work area. Roll out one disk of dough on a well-floured surface until its about 1/16 inch thick (an approximate 16-by-20-inch oval). Using a 3 1/2-inch round cutter, cut out dough. Cover the dough scraps with a clean kitchen towel. Moisten the edges of each round with water. Place a level tablespoon of the filling in the center of each round. Fold the dough over the filling and press the edges (the pierogi will be very full); crimp with a fork to seal completely. Place on a floured baking sheet. Repeat this process with the two remaining disks of dough. Then repeat with the dough scraps, rerolling them as needed to make enough pierogi to use up all the filling (48-50 total). Discard any remaining dough.Cook the pierogi in 5 batches in the boiling water until they float to the top. Transfer with a slotted spoon to the baking sheet coated with cooking spray, letting water drain off from the spoon before transferring them.Preheat oven to 200F.Heat 1 tablespoon each oil and water in a large nonstick skillet over medium heat. Add 8 to 10 pierogi and cook until browned on both sides, 6 to 10 minutes total. Transfer to a baking sheet and keep warm in the oven while you prepare the rest. Add 8 to 10 more pierogi to the pan, drizzle in 1 tablespoon each oil and water and shake the pan to loosen the pierogi. Cook until browned on both sides; reduce the heat as necessary to prevent overbrowning. Repeat with the remaining pierogi, oil and water.Serve sprinkled with parsley, if desired.	180	Vegetarian, veryPopular	https://spoonacular.com/recipeImages/696349-556x370.jpg	11
23	Perfect Red Velvet Cake  remember these from childhood	Cake:1. Cream together margarine and sugar.2. Add eggs one at a time, beating well each time.3. Mix cocoa and food color until cocoa is dissolved in food color. Then mix with above.4. Add flavoring and mix.5. Mix soda and buttermilk.6. Add flour and milk alternately, beginning and ending with flour. (I mix using 1/3 of flour or milk each time. Mix well but do not overbeat, as cake will be tough. When adding flour, use low speed.)7. Pour into two greased and floured 9-inch pans and bake in preheated 350 degree oven for 25-30 minutes. Cool and frost.(For three layer cake, use three 8" pans and cook for 20minutes.)In a medium bowl, cream together the cold cream cheeses and butter until creamy.Mix in the vanilla, then gradually stir in the confectioners' sugar. Store in the refrigerator after use.	90	Regular	https://spoonacular.com/recipeImages/600791-556x370.jpg	31
24	Sausage and Cheddar Breakfast Muffins	Preheat oven to 375F degrees.\n\nGrease and lightly flour a 12 cup standard size muffin tin; set aside.\n\nHeat a large skillet over medium high heat. Add sausage, breaking it into small crumbles and cook until nicely browned, stirring occasionally. Remove from cooktop and drain the fat from the sausage.\n\nWhile sausage is cooking, slice cherry tomatoes about 1/8 inch thick.  Lay the tomato slices on a paper towel and cover with an additional paper towel to remove excess moisture; set aside.\n\nIn a large bowl whisk together the flour, baking soda, and salt.\n\nIn a medium bowl, whisk together buttermilk, eggs and melted butter.\n\nPour wet mixture into dry mixture and just barely combine. Stir in cooked sausage, grated cheese and green onions. Just stir to combine. Try not to over mix! \n\nDivide batter evenly into 12 muffin cups.\n\nAdd two to three sliced tomatoes to the top of each muffin.\n\nLightly sprinkle sea salt and freshly ground pepper over the top of the muffins.\n\nBake for 20-25 minutes until golden brown  check with a tester to make sure it comes out clean! \n\nRemove from oven and let cool 10-15 minutes in the pan before removing to fully cool. Serve warm or at warm temperature. \n\nMakes 12 regular sized muffins.  I did some in mini muffin tins as well and the cooking time was about the same  liked that size a little better.	45	Regular	https://spoonacular.com/recipeImages/969495-556x370.jpg	8
25	Corn and Bacon Chowder	In a large sauce pan or soup pot cook bacon until crispy. Remove and drain on a paper towel lined plate. Carefully drain grease. Add a few tablespoons of olive oil, the onion, celery, thyme, bay leaf and season well with salt and pepper. Saute until tender. Add garlic and saute until fragrant.Meanwhile remove kernels from cobs in a large bowl. Once kernels are removed turn the knife around and use the flat side to scrape the milk from the cobs. Snap one or two of the cobs in half to add to soup. Crumble the bacon.Add corn and potatoes to pot, along with half of the crumbled bacon, cook 3-4 minutes, stirring often. Add enough broth to generously cover the vegetables along with the a few of the cobs. Season again with salt and pepper.Bring to a simmer, 25  30 minutes. Remove two cups of the soup and blend until smooth, place a dish towel over blender lid to hold down before pureeing so the steam doesnt blow the top off. Add soup back to pot with half & half or heavy cream. Taste and season again if needed. Simmer 5-10 minutes, remove bay leaf and cobs, serve with crumbled bacon over top.	75	GlutenFree, dairyFree, veryPopular	https://spoonacular.com/recipeImages/491838-556x370.jpg	11
26	Homemade Tomato Soup -Hearty Healthy and Protein Packed (Meatless Monday)	In a medium-sized saucepan, over medium heat, add the olive oil.Once the oil is hot, add the onion and the carrot and saute for about 10 minutes or until the carrots begin to soften (the smaller you cut them, the more quickly this will happen).Add the garlic and continue to saute for about 3 minutes.Add the beans, crushed tomatoes and stock (or water), basil, oregano and crushed red pepper flakes.Cover and simmer for about 20 minutes.Remove from heat and using an immersion blender (or removing portions to a regular blender), blend until smooth.Add ground black pepper, to taste and serve in bowl.	35	Vegetarian, vegan, glutenFree, dairyFree	https://spoonacular.com/recipeImages/524389-556x370.jpg	1
27	Spiced Caramel Pears	Preheat the oven to 180C/350FPut the coconut oil in a small pan with the coconut sugar, salt and ginger.Cut open the cardamom pods, shake out the seeds and grind in a pestle and mortar. Discard the pods and add the ground cardamom to the pan.Warm over low heat for 5-10 minutes until the coconut oil is melted and combined well with the sugar (N.b. Coconut sugar does not melt quite like white sugar so it may not look homogeneous) .Spread the caramel into a roasting dish and arrange the pears on top, cut-side downCook for 20 minutes, then turn the pears over, basting with the caramel, and cook for a further 20 minutes.Cool for 5 minutes before serving with non-dairy ice cream, yogurt, Coconut Whipped Cream or Vanilla Bean Cashew Cream	45	Vegetarian, vegan, glutenFree, dairyFree	https://spoonacular.com/recipeImages/541688-556x370.jpg	8
28	Chocolate Stout Biscuits	1                               Heat oven to 450F.                                                          2                               In medium bowl, stir Bisquick mix, beer, cocoa, sugar and toffee bits until soft dough forms. Place on work surface sprinkled with additional cocoa. Knead 10 times.                                                          3                               Roll dough 1/2 inch thick. Cut 8 to 10 biscuits with 2 1/2-inch cutter. Place on ungreased cookie sheet.                                                          4                               Bake 8 to 10 minutes or until firm around edges. Serve biscuits with freshly whipped cream and jam.	15	Regular	https://spoonacular.com/recipeImages/181794-556x370.jpg	4
29	Rich Cheese Pie	Preheat oven to 425 degrees F (220 degrees C). Spread shredded cheese in the bottom of pie crust.                            In a large bowl, combine eggs, cream and milk. Season with hot sauce, salt, pepper and paprika.  Pour filling over shredded cheese in the pie crust.                            Bake in the preheated oven for 40 to 50 minutes, or until golden brown. Cool 10 minutes before serving.                                                Kitchen-Friendly View	90	Vegetarian	https://spoonacular.com/recipeImages/471590-556x370.jpg	13
30	Thin and Crisp Pizzelles	Preheat a pizzelle maker, and lightly spritz a bunched-up paper towel with non-stick spray. Wipe the plates of the pizzelle maker lightly with the oiled towel.*Place the eggs, sugar, anise seed, vanilla, and anise extract in a medium bowl and whisk to combine. Stir in the melted butter. Add the flour, baking powder, and salt, and mix until smooth.Place about a tablespoon of batter on each of the hot pizzelle maker plates, and close the lid. Cook until only a few wisps of steam are escaping from the pizzelle maker, and the pizzelles look lightly golden. Use a fork or small spatula to remove the cooked pizzelles to a wire rack to cool.	45	Vegetarian	https://spoonacular.com/recipeImages/834373-556x370.jpg	3
31	Potato Frittata	Adjust the oven rack to the middle position and preheat oven to 400 degrees F.Heat a medium saute pan over medium high heat and drizzle with 2 Tablespoons of the canola oil. Add the onions and cook until caramelized, about 8 to 10 minutes. Deglaze the pan with 1/4 cup of water, scraping any brown bits from the bottom with a wooden spoon. Cook until the water evaporates and the onions take on a uniform brown color, about 5 minutes.Transfer the onions to the roasting pan and toss with the raw sliced potatoes. Add 1 tablespoon of butter and the remaining 3 Tablespoons of oil. Toss with your hands. Season generously with salt and pepper. Cover the pan with foil and bake for 25 to 30 minutes, or until the potatoes are tender.Set the potatoes aside to cool for 15 minutes. Reduce the oven heat to 350 degrees F.Meanwhile, whisk the eggs, herbs and cream together. Season with salt and pepper.(optional) Saute bacon in medium saute pan, about 5 minutes, or until golden brown. Mop up excess grease with a handful of paper towels. Lay cooked bacon on a plate topped with a paper towel.Heat a 10-inch cast-iron skillet over medium high heat. Melt the remaining 2 Tablespoons butter in the skillet, making sure that melted butter greases the side of the cast iron as well. Add the cooked potatoes to the pan. Top with the egg mixture. Cover the skillet with foil and bake for 30 minutes. Remove the foil and bake for 10 minutes more.Slice and serve directly from the skillet, warm or at room temperature.Enjoy!	45	GlutenFree	https://spoonacular.com/recipeImages/590342-556x370.jpg	12
32	Chicken Parm Pizza	Watch how to make this recipe.                    Preheat oven to 425 degrees F.                          Coat hands and work surface with a little cornmeal or flour. Using your hand or a rolling pin, form a 14-inch round pizza. Place pizza on a baking sheet or pizza stone and poke the top with a few holes. Drizzle a little bit of extra-virgin olive oil down over the dough and place in oven. Bake 10 minutes.                          Meanwhile, heat a deep skillet over medium-high heat with 2 tablespoons of extra-virgin olive oil. Add meat and break it up with a wooden spoon. To browned meat, add garlic and onions, then season with salt and pepper. Cook together 5 to 6 minutes then add parsley, red pepper flakes, oregano and the tomatoes to the pan. Heat the sauce through.                          Remove pizza from oven after 10 minutes and top with sauce and cheeses. Return to oven and bake until golden and bubbly, another 10 to12 minutes. Top the pizza with basil, cut and serve.	37	Regular	https://spoonacular.com/recipeImages/286146-556x370.jpeg	25
33	Raw Hazelnut Chocolate Brownies	In your food processor, process the hazelnuts until finely ground. Add the dates, cocoa powder, maple syrup and vanilla and process until a sticky dough forms. Place the dough between two Silpats or pieces of parchment paper and roll out to about  of an inch thick (or really, however thick you want it). Cut them however you like (I used 1" circular cookie cutters) and form the excess dough into a ball, roll out again and cut out more shapes. For the frosting, in the bowl of your food processor, combine all the ingredients until thoroughly combined and no chunks of avocado are left. It took me a few minutes to do this but it was possible. If it's not sweet enough, add more maple syrup. The espresso flavor was really light even with quite a bit of powder, but I still liked the difference it made. Add the frosting to the cake and store in the fridge.	10	Vegetarian, vegan, glutenFree, dairyFree, veryPopular	https://spoonacular.com/recipeImages/480552-556x370.jpg	15
34	White Cheddar Filled Pretzel Bites with Honey Jalapeno Mustard	1. For the pretzel bites: In the bowl of your standing mixer fitted with the paddle attachment, combine the yeast, 1 teaspoon brown sugar and warm water, and let the mixture stand until foamy, about 5-6 minutes.2. In a separate bowl, stir remaining 2 tablespoons brown sugar into warm milk until dissolved.3. With the mixer running on low speed, add 2 and 1/2 cups of the flour and the brown sugar/milk to the yeast mixture, mixing until a soft dough forms, adding up to 1/2 cup additional flour, if necessary.4.Turn out dough onto a lightly floured surface and gently knead a few times to form a smooth ball.5. Transfer the dough to a clean bowl, cover with a light towel and let rise at room temperature, about 2 hours.6. Once the dough has risen, preheat the oven to 400 degrees with the racks in the upper and lower thirds, and line two rimmed baking sheets with parchment paper.7. Turn out dough onto a lightly floured surface and cut into 4 equal pieces.8. Lightly dust your hands with flour, then gently roll and stretch 1 piece of dough to form a 12-inch-long rope.9. Flatten dough and arrange so a long side is nearest you, then roll out to a roughly 12- by 4-inch rectangle with a lightly floured rolling pin.10. Gently press about 1/4th of the cheese into lower third of rectangle, leaving a 1/2-inch border along bottom edge.11. Stretch bottom edge of dough up over filling and press tightly to seal, then roll up as tightly as possible to form a rope.12. Cut the rope into 12 pieces, squeezing the dough around the cheese on either side to tightly seal the pretzel bite and transfer to your prepared pan.13. Repeat the process, making three more ropes with remaining dough and cheese and cut into pieces, transferring to the prepared baking pans.14. Let the pretzel bites rest at room temperature, uncovered, about 30 minutes.15. Meanwhile, the six cups of water to a boil in a Dutch oven or large saucepan.16. Reduce heat to medium and stir in baking soda. (Careful-the water will bubble and rise!)17. Cook the pretzel bites in batches in the water, turning once, until slightly puffed, about 20 seconds.18. Transfer with a slotted spoon or tongs to prepared baking sheets.19. Bake until puffed and golden-brown, about 15 minutes (cheese may ooze slightly).20. Immediately after removing the pretzel bites from the oven, lightly brush each one with the melted butter and sprinkle with sea salt.21.. For the mustard dip: Combine all of the ingredients together in a small bowl, mixing well.Source: Adapted from Gourmet via Epicurious.	45	Vegetarian	https://spoonacular.com/recipeImages/631708-556x370.jpg	6
35	Pao De Queijo	Directions:                                     Put 1/2 cup water, the milk, vegetable oil and salt in a large pan and bring to a boil.As soon as it rises up the sides of the pan, remove it from the heat.Quickly tip in the flour and stir vigorously to combine. Keep stirring until the mixture comes together as a wet dough and comes away from the side of the pan.Transfer to the bowl of a stand mixer and let cool slightly.Once slightly cooled, add the eggs and start mixing at a low speed.After 1 to 2 minutes, increase the speed to high and beat vigorously until all the egg has been incorporated and the dough is smooth.Add the Parmesan or cheddar and keep beating until the cheese is evenly mixed in.Line a baking sheet with silicone liner or baking parchment.With damp or lightly oiled hands, roll tablespoons of the dough into small balls, about 1 ounce each.You may need to wash your hands occasionally, as the dough is quite sticky. (If you have one, use a small ice-cream scoop to make this easier. Dip the scoop briefly in water, then flick away any excess water before scooping each ball).Arrange the balls 1 inch apart on the prepared baking sheet. (You can prepare them a few hours ahead and put the tray in the refrigerator until youre ready to bake.)Preheat the oven to 400F.Bake for 20 to 25 minutes, until puffed up and evenly golden brown. They should have a crisp exterior and a doughy, chewy center. Serve immediately.Find more Brazilian snacks on Food Republic:Crispy Tapioca Cheese Fritters RecipeBrazilian Crab And Black-Eyed Pea Acaraj RecipePineapple Manchego Skewers Recipe	45	Vegetarian, glutenFree	https://spoonacular.com/recipeImages/492759-556x370.jpg	3
36	Tequila Smash  A Tequila Cocktail and Homemade Maraschino Cherries	Muddle the cherries and blueberries in the bottom of a shaker.Add the tequila, maraschino and lime juice to the cup, fill with ice and shake several times. Pour the contents of the shaker into two rocks or martini glasses, ice and all, and serve with a lime wheel speared between a cherry and a blueberry.	10	GlutenFree, dairyFree, veryPopular	https://spoonacular.com/recipeImages/522550-556x370.jpg	7
37	How to cook: Chop suey, a well-loved Chinese stir fried mixed vegetable dish	InstructionsPlace the pork in a bowl. Sprinkle with the teaspoonful of salt, the half teaspoonful of pepper and the 4 tbsps. of tapioca starch. Mix well.Heat the vegetable oil in a wok or frying pan. Drop in the pork slices, one after the other, and cook until lightly browned and crisp. If the meat is sliced thinly enough, it should be cooked through in two to three minutes. Scoop out and set aside.Pour off the cooking oil leaving only about two tablespoonfuls. Reheat.Stir fry the carrot, belle pepper and cabbage for about 30 seconds. Add the ginger, garlic and onion slices. Sprinkle with salt and pepper. Stir fry for another 30 seconds then add the mushrooms.Mix together the mushroom liquid (or broth), 1 tbsp. of tapioca starch, 2 tbsps. of oyster sauce and sugar. Pour into the vegetables, stirring and tossing to keep everything in the pan moving. The sauce will turn clean and thicken within seconds.Return the cooked pork to the pan, stir fry for another 10 seconds to heat through then turn off the heat. Drizzle a little sesame seed oil over everything, stir a few times, transfer to a platter and serve at once.	20	GlutenFree, dairyFree, veryHealthy	https://spoonacular.com/recipeImages/478112-556x370.jpg	68
38	Slow-Cooker BBQ Beef Stew	Heat oil in large nonstick skillet on medium-high heat.  Add meat, in batches; cook 8 to 10 min. or until evenly browned, stirring occasionally.  Place carrots, onions and potatoes in slow cooker; top with meat.  Pour 1/2 cup barbecue sauce over meat; sprinkle with coffee.  Cover with lid.                                              Cook on LOW 7 to 8 hours (or on HIGH 5 hours).                                              Stir in peas and remaining barbecue sauce; cook, covered, 15 min. or until heated through.	455	GlutenFree, dairyFree	https://spoonacular.com/recipeImages/545258-556x370.jpg	8
39	Salmon with Lemon, Capers, and Rosemary	Watch how to make this recipe.\n\n      \n\n              Brush top and bottom of salmon fillets with olive oil and season with salt, pepper, and rosemary. Place each piece of seasoned salmon on a piece of foil large enough to fold over and seal. Top the each piece of salmon with 2 lemon slices, 1 tablespoon of lemon juice, 2 tablespoons of wine, and 1 teaspoon of capers. Wrap up salmon tightly in the foil packets.\n            \n\n              Place a grill pan over medium-high heat or preheat a gas or charcoal grill. Place the foil packets on the hot grill and cook for 10 minutes for a 1-inch thick piece of salmon. Serve in the foil packets.	30	GlutenFree, dairyFree, veryHealthy, veryPopular, comfortFood, lowFoodMap	\N	10
63	Apple Butter Cream Cheese Stuffed French Toast	In a small bowl mix together the apple butter, cream cheese, and powdered sugar until combined.  Whisk the eggs, heavy whipping cream, vanilla, and cinnamon in a medium-sized bowl.Spread the apple butter cream cheese mixture on one side of two slices of bread and combine the pieces to make a sandwich.  Dip the sandwich in the egg mixture and coat completely on both sides. Cook the sandwich on a large greased skillet over medium heat for about 3-4 minutes on each side or until browned.Combine the apple butter and maple syrup in a small bowl and microwave for about 45 seconds.  Spread the apple butter maple syrup over the stuffed french toast and top with powdered sugar, if desired.	45	Vegetarian	https://spoonacular.com/recipeImages/601842-556x370.png	18
40	Sunrise Smoothie	I like to buy all of my fruits and veggies, and portion them at home so I can quickly grab what I need to make one smoothie each morning. I like to measure out all of the berries and one banana into a resealable bag, and freeze the ingredients overnight. I also portion out the kale and spinach into one bag and store them in the refrigerator (you can freeze these as well in one bag with the fruit).I usually brew some tea in the morning, and cool it down with some ice cubes so I can use it in the smoothie that day, and any extra I keep in the refrigerator for the next day.The first trick is to add all of your spinach and kale into the blender. Add the  cup of coconut water and  cup of green tea. Blend the vegetables until the mixture is bright green and only smaller particles are visible. This ensures that your have break down the vegetables before you add the frozen berries, so your smoothie doesnt lose its nice thickness.Add berries to the pureed vegetables and blend until you get the desired consistency. The smoothie will be as sweet as your berries, so if you like a sweeter drink, you can add some natural sweetneers such as a touch of honey, agave or stevia. If youre a little hesitant about how spinach or kale may taste, you can adjust the amounts you to your liking, but I promise that you can barely taste the vegetables!This recipe yields approximately 24 ounces of smoothie.	10	Vegetarian, vegan, glutenFree, dairyFree	https://spoonacular.com/recipeImages/534079-556x370.jpg	0
41	Easy Potato Au Gratin	Preheat oven to 350 degrees.  Peel potatoes, and slice them into 1/8 to 1/4 inch slices.  You can slice potatoes with either a knife, mandolin, or even a food processor.   Heat cream, 1/2 teaspoon salt, and 1/4 teaspoon black pepper, along with 2 cloves of garlic.   Spoon some of the heavy cream into the 13 x 9 inch baking dish.   Add a single layer of potatoes into the baking dish.  Season potatoes lightly with salt, pepper, and nutmeg.  Spoon heavy cream mixture over the potatoes, and then layer with potatoes, season potatoes, and ladle cream over until there are no more potatoes left. If there is remaining cream left ladle remaining cream over potatoes.Bake potatoes for 1 hour.  Remove from oven, sprinkle cheese on top of baked potatoes, and return to the oven for about 15 minutes or until the cheese begins to brown.	70	Vegetarian, glutenFree, veryPopular	https://spoonacular.com/recipeImages/600752-556x370.jpg	22
42	Glazed Almond Poppy Seed Bread	Preheat oven to 350 degrees. Grease two large loaf pans.In a medium bowl, mix together flour, baking powder, salt, poppy seeds and anise seeds. Set aside.In the bowl of an electric mixer, cream oil, sugar and eggs together until smooth. Add milk, vanilla extract, almond extract, and butter flavoring and mix together.Gradually add the flour mixture to the batter and mix on low speed until just incorporated.Divide the batter into the loaf pans and bake for 50-60 minutes. The top should be brown and cracked, and a toothpick inserted into the center will come out with a few crumbs attached.Remove the pans from the oven and let cool for 5-10 minutes, invert the loafs onto a cooling rack, and then pour or brush glaze onto the top and sides of the bread. Sprinkle with sliced almonds if desired while the glaze is still sticky. Allow to cool completely and then store in an airtight container, or wrap in plastic wrap and foil to freeze.In a small sauce pan, whisk together orange juice and sugar over medium high heat until the sugar dissolves and the glaze becomes transparent. Add the butter flavoring, almond extract and vanilla extract, and allow to cool a bit before brushing or pouring over the bread.	45	Vegetarian	https://spoonacular.com/recipeImages/730428-556x370.jpg	12
43	Chocolate-Dipped Phyllo Sticks	Directions                                                                                Preheat oven to 425. Place one sheet of phyllo dough on a work surface; brush with butter. Cover with a second sheet of phyllo; brush with butter. (Keep remaining phyllo dough covered with plastic wrap and a damp towel to prevent it from drying out.)                                                                                        Cut phyllo in half lengthwise. Cut each half into five 4-1/2x2-3/4-in. rectangles. Tightly roll each rectangle from one long side, forming a 4-1/2-in.-long stick. Combine sugar and cinnamon. Coat sticks with cooking spray; sprinkle with cinnamon-sugar.                                                                                            Place on an ungreased baking sheet. Bake 3-5 minutes or until lightly browned. Remove to a wire rack to cool. Repeat with remaining phyllo dough, butter and cinnamon-sugar.                                                                                            In a microwave, melt semisweet chocolate and shortening; stir until smooth. Dip one end of phyllo sticks in chocolate; allow extra to drip off. Place on waxed paper; let stand until set. Drizzle with white chocolate.                                        Yield: 20 sticks.                                                                                                                         Originally published as Chocolate-Dipped Phyllo Sticks in  Light & TastyDecember/January 2006, p49                                                                                                                                                                                                        Nutritional Facts                                                                             1 phyllo stick equals 38 calories, 2 g fat (1 g saturated fat), 3 mg cholesterol, 18 mg sodium, 4 g carbohydrate, trace fiber, trace protein.                                                                                                                                                                    Print                                                                                    Add to Recipe Box                            Email a Friend	40	Regular	https://spoonacular.com/recipeImages/393580-556x370.jpg	1
44	Slow Cooker Curry Chicken with Potatoes	InstructionsMix together coconut milk, water, curry paste, sugar, fish sauce, ginger and lemon juiceAdd chicken  and potatoes into slow cooker and cover with sauceCook on low for 4-5 hours.  Salt to taste.Break chicken into smaller pieces.  I don't shred it.  Add in peanuts and serve over rice.  Garnish with cilantro	45	GlutenFree, dairyFree, comfortFood, lowFoodMap	https://spoonacular.com/recipeImages/964924-556x370.jpg	18
45	Maple Pecan Cookies	Preheat oven to 350. In a food processor, grind up the 1/2 cup pecans (measure before grinding.) Add the pecans to a bowl with the rest of the dry ingredients. Add all the wet ingredients into another bowl. Add dry to wet and mix only until combined. The dough will be a bit thick and sticky. Roll into balls and place on a lined baking sheet. Press the cookies down flat with the palm of your hand. Press a pecan into the middle of each cookie. Bake in the oven for about 13 minutes.	25	Vegetarian, veryPopular	https://spoonacular.com/recipeImages/496449-556x370.jpg	3
46	Artichoke salad with chickpeas, watercress and almonds	Place the chickpeas in a large bowl. Thinly slice the spring onions and cucumber. Quarter the artichoke hearts and add to the chickpeas along with the spring onions and cucumber. Add the watercress and toss well to combine.Make the vinaigrette by placing all of the ingredients in a jar and shaking well to emulsify. Taste and adjust the seasonings and necessary.Just before serving dress the salad. Begin by adding half the dressing and tossing the salad well, to coat. Add more, to taste. Finally, sprinkle with the toasted flaked almonds.	10	Vegetarian, vegan, glutenFree, dairyFree	https://spoonacular.com/recipeImages/715015-556x370.jpg	8
47	Flummeries	Preparation                                                        Sprinkle gelatin over Sherry in a small bowl to soften. Heat cream, sugar, and zest, stirring until sugar is dissolved, and remove from heat. Stir in gelatin mixture until dissolved. Pour through a fine sieve into a large glass measure and pour into 8 (1/4-cup) molds. Cool flummeries completely and chill, covered, 6 hours. To unmold flummeries, dip molds, 1 at a time, into a bowl of hot water 2 seconds and gently pull edges away from molds with your fingertips. Invert desserts onto plates.                                                Cooks' note:             Flummeries keep (in molds), covered and chilled, 1 week.	300	GlutenFree	https://spoonacular.com/recipeImages/222720-556x370.jpg	12
48	Chocolate Blackberry Tartlets	Place the Oreos in a food processor and pulse several times until they are finely ground. Melt 4 TBS of the butter in the microwave or in a small saucepan on the stovetop (over low heat). Pour the melted butter into the Oreo crumbs, and pulse a few times to blend. Divide the Oreo mixture between six 3 or 4-inch tartlet pans, pressing them into a crust of even thickness on the bottoms and up the sides. Freeze the pans for at least 30 minutes, or until ready to assemble tarts.Place the remaining 2 TBS of butter, the chocolate chips, and 1 TBS of the heavy cream into a small saucepan. Bring a large saucepan full of water to a simmer over medium-high heat, then place the small saucepan with the chocolate over the simmering water. Stirring the whole time, melt the chocolate until it is smooth and runny, then remove from the heat and let cool to room temperature. Discard the simmering water.Pour the remaining 1 cup of cream into a medium bowl, and whisk or beat on high until it starts to foam. Sprinkle the cream of tartar and the sugar over the top, then beat until stiff peaks form. Gently fold the room temperature chocolate into the cream until the chocolate is mostly incorporated  a few remaining white streaks are fine. Dont over mix, or you will deflate the cream. Set aside.Place the blackberry jam in a small saucepan and heat over low heat until runny. Spoon 1 1/2 TBS of the jam into each frozen crust, then top off with the chocolate mousse, smoothing the top. Garnish with a few fresh blackberries, then refrigerate the tartlets for at least 30 minutes, or until ready to serve.	30	Regular	https://spoonacular.com/recipeImages/550150-556x370.jpg	29
49	Easy Shrimp Po Boy Sliders	Bake SeaPak Popcorn Shrimp according to package instructions.Toast slider buns (if desired). I spray a little butter spray on the slider buns and place them under the broiler until toasty brown.Assemble sandwich. Place tomato slices on bottom of bun, next lay broccoli kale slaw mix, then SeaPak shrimp. Drizzle with  tablespoon of remoulade sauce. Cover with top half of bun and enjoy!	15	DairyFree	https://spoonacular.com/recipeImages/717794-556x370.jpg	17
50	Chicken and Stars Soup	Cook chicken in heavily salted and peppered water-filled crockpot overnight.Debone and reserve all the chicken stock.Finely shred about half of the chicken.Reserve remaining chicken for another use.Place olive oil in a large Dutch oven or stock pot.Add onions and saut about 5 minutes.Add carrots, celery and garlic and saut again an additional 3-5 minutes.Add chicken, bay leaves, salt, pepper, thyme, rosemary, parsley and chicken broth and bring to a boil over medium heat.Boil about 5 minutes or until carrots are fork tender.Add stelline pasta and boil about 7 minutes.Serve soup garnished with fresh parsley, salt and pepper, if desired.	45	DairyFree	https://spoonacular.com/recipeImages/620419-556x370.jpg	4
51	Christmas Candy Cane Bark	Line a 9 x 13 baking sheet with parchment paper.Place the white candy melts, red candy melts and green candy melts in 3 different microwavable bowls. Microwave the bowl with candy melts for 1 minute at 50% power. Stir, they won't look melted, but stir anyway. Place back in the microwave for another 30 seconds at 50% power. Stir again. The candy melts should begin to melt. Place back in the microwave and melt for another 30 seconds at 50% power. Stir again until smooth. Repeat if candy melts are not completely melted.Pour the melted white chocolate onto the prepared baking sheet and spread it evenly with a spatula over the entire baking sheet, leaving a couple inches around the edges.Spoon a couple tablespoon dollops each of the melted red and green chocolate candy melts, alternating colors, three across and about four rows if you can fit them in.Take a skewer stick and swirl the red dollops, spreading them out and do the same with the green dollops.Sprinkle the crushed pistachios over the top, then the chopped cranberries and top off by sprinkling the crushed candy cane pieces overtop.Refrigerate again until cool enough to break the bark into pieces. Should harden pretty quickly, in about 10 to 20 minutes.	10	GlutenFree, dairyFree	https://spoonacular.com/recipeImages/835254-556x370.jpg	7
52	Pan-fried venison with sloe gin & plum sauce	Press the juniper and lots of blackpepper onto the steaks. Heat the butterin a frying pan until foaming, add theplum quarters and the steaks. Cook toyour liking, turning halfway through.Remove and keep warm.Tip the chopped plum and garlic intothe pan juices and cook, stirring, untilsoftened. Pour in the sloe gin, allow tosizzle, then add the hot stock. When theplums are really soft, press the mixturethrough a sieve to remove the skins. Try toget as much pulp through as you can, asthis will add flavour and body to the sauce.If it's too thick, add a dash of boiling water.Put the steaks on warmed plates, topwith the plum quarters and spoon roundsome sauce. Scatter over the thyme anda little black pepper. Serve with FennelDauphinoise (see 'Goes well with', right) and wilted spinach.	40	GlutenFree	https://spoonacular.com/recipeImages/210547-556x370.jpg	18
53	Apple Cider Chicken	Season chicken on both sides with salt and pepper. Heat 1 1/2 teaspoons oil in a large heavy skillet over medium-high heat. Add chicken and sear until well browned on both sides, about 3 minutes per side. Transfer chicken to a plate and tent with foil.Reduce heat to medium. Add the remaining 1 1/2 teaspoons oil to the pan. Add apples, shallots and thyme. Cook, stirring, until softened, 2 to 3 minutes. Add cider and broth; bring to a simmer. Cook until slightly thickened, about 3 minutes.Return chicken and juices to pan; reduce heat to low. Simmer until chicken is cooked through, about 4 minutes. Transfer chicken to a warmed platter. Stir sour cream and parsley into sauce. Season with salt and pepper and spoon over chicken.	30	GlutenFree	https://spoonacular.com/recipeImages/697688-556x370.jpg	3
54	Brown Butter Chocolate Chip Pumpkin Waffles	In a medium sized skillet set over medium heat melt the butter until it starts to foam and you see golden brown specks in the butter. You will also notice it will start to smell nutty. Remove from heat and let cool. Preheat waffle iron. In a medium sized mixing bowl whisk together flour, brown sugar, pumpkin pie spice, baking powder, baking soda and kosher salt. In a large sized mixing bowl whisk together eggs, buttermilk, vanilla bean paste, pumpkin puree and cooled brown butter. Add dry ingredients into wet and stir until just combined. Fold in chocolate chips. Spray your waffle iron with non-stick spray and cook waffles according to waffle iron directions. Top cooked waffles with your choice of whipped cream, chocolate sauce or maple syrup.	40	VeryPopular	https://spoonacular.com/recipeImages/617172-556x370.jpg	28
64	Salted Caramel Mocha Brownie Cups	Preheat oven to 350*. Dissolve the coffee in the water. Mix the brownie mix, coffee water, oil and eggs until just moistened. Fill cupcake liners 2/3 - 3/4 full. Bake 22-24 minutes or until a knife inserted in the center comes out with a few crumbs on it. Cool in the pan for 3 minutes, then press a caramel kiss into the center point first. Cool 5 more minutes. Carefully remove to a wire rack and cool completely. Frost with Salted Caramel Butter Cream. Drizzle with extra caramel and sprinkle with more salt. Makes 15 brownie cups.Stir the sea salt into the caramel topping and set aside. Cream the butter and vanilla for 3 -4 minutes. Slowly beat in the powdered sugar. It will be very thick. Pour in the caramel and milk and beat again.	37	Vegetarian, veryPopular	https://spoonacular.com/recipeImages/490877-556x370.jpg	19
55	Chinese Stuffed Peppers, Classic Dim Sum	Use a cleaver or knife to finely mince the shrimp into a very fine paste. This process entails chopping and folding the shrimp paste over and onto itself, and continuing to chop. Transfer the shrimp paste to a bowl.\nChop the scallions. Set aside half of the green portion for the sauce. Add the rest of the chopped scallion to the shrimp, along with 1 teaspoon salt, 2 tablespoons vegetable oil,  teaspoon sesame oil, 1 tablespoons cornstarch, 2 teaspoons Shaoxing wine, and white pepper to taste. Use a fork to beat/whip the shrimp until it is smooth and all the ingredients are well-combined.\nPop the stems off the bell peppers and follow the lines of each pepper to cut into 3-5 segments. Remove the seeds. If using long hot green peppers, just cut them in half lengthwise and remove the seeds.\nStuff each pepper segment with the shrimp mixture until the filling is even with the edges of the peppers. You can also trim the ends of the peppers to ensure they are flush and at the same level of the filling. This will make the peppers easier to cook.\nHeat a tablespoon of oil in a wok or skillet over medium high heat and place the peppers in the oil, stuffing side down. Cook until they are browned, about 2 minutes. Turn the peppers over to sear the bottoms for another 2 minutes, turning the heat down if they start to get too dark. If using the long hot green peppers or another variety of thin-fleshed pepper, simply transfer them to the serving plate.\nIf using bell peppers, which have thicker flesh and take longer to cook, add 2 tablespoons of water to the pan, cover, and steam for another 2 minutes, or until the peppers are just tender. Set aside on a serving plate.\nIt's time to make the sauce, which only takes a couple minutes. Heat the wok over medium heat and add the oil, garlic and fermented black beans. Stir-fry for a few seconds and add the shaoxing wine. When the wine is bubbly, add the rest of the sauce ingredients (except the cornstarch slurry) and bring to a simmer. Once simmering, add the cornstarch slurry gradually until the sauce is thick enough to coat a spoon. Stir in the reserved scallions and spoon the sauce over the peppers to serve.	30	DairyFree, veryPopular	https://spoonacular.com/recipeImages/982322-556x370.jpg	8
56	Lighter Cheesy Tuna Noodle Casserole (without Canned Cream Soup)	Cook the pasta: Bring a large pot of salted water to a boil and cook pasta according to package directions but one or two minutes less than the package calls for.  Drain and set aside. Preheat oven to 375 degrees F.	50	Regular	https://spoonacular.com/recipeImages/508303-556x370.jpg	10
57	Grilled Peach, Fennel and Tomato Salad	Prepare your grill for direct grilling, and preheat to medium high.Brush the peach and fennel halves lightly with olive oil, and place cut side down on the grill grates. Cook for 3 to 5 minutes and flip (there should be visible grill marks). Cook the other side for a minute or two, then remove and set aside to cool.When the peaches and fennel can be handled, slice into bite-sized wedges and arrange on a platter. Add the tomatoes and burrata wedges to the platter (don't forget to spoon any cream that's escaped from the burrata over the salad). Season with salt and pepper, and sprinkle the basil over the top.	20	Vegetarian, glutenFree	https://spoonacular.com/recipeImages/557660-556x370.jpg	4
58	Winter Salad with Maple Candied Walnuts + Balsamic Fig Dressing (+ a big giveaway!)	Preheat the oven to 375 degrees F. Line a baking sheet with parchment paper. Pick out the walnuts from all four of the Salad Savors packets and add them to the baking sheet. Toss the walnuts with the maple syrup, cinnamon, crushed red pepper and salt. Bake for 15-25 minutes, stirring 2-3 time throughout cooking until the walnuts are toasted and golden. Remove from the oven and spread the walnuts in one layer. Allow to cool.Add the greens to a large salad bowl. Add the pomegranate arils and the cranberries from the DeLallo Fresh Salad Savors. Add the cooled walnuts and gently toss the salad. Add the goat cheese.To make the dressing, whisk the olive oil, balsamic vinegar, fig preserves and salt until combined. Just before serving, drizzle the dressing over the salad and gently toss. Enjoy!	35	Vegetarian, vegan, glutenFree, dairyFree, veryPopular	https://spoonacular.com/recipeImages/623145-556x370.jpg	14
59	Barley Borscht	Directions                                                                                In a Dutch oven, combine beef bones, onion, bay leaf, salt, peppercorns and water. Bring to a boil; reduce heat. Cover and simmer for 2 hours. Strain broth; discard bones, onion and seasonings. Skim fat and return broth to the kettle. Add rutabaga, beets, celery, cabbage, carrots, potatoes and barley. Return to a boil; reduce heat. Cover and simmer 50 minutes or until vegetables are almost tender and barley is cooked. Stir in tomatoes and vinegar; heat through. Ladle into serving bowls. Top with a dollop of sour cream if desired. Sprinkle with dill.                                        Yield: 16 servings.                                                                                                                         Originally published as Barley Borscht in  CountryAugust/September 1992, p49                                                                                                                                                                                                        Nutritional Facts                                                                             One serving (1 cup, without sour cream) equals 110 calories, 1 g fat (0 saturated fat), 0 cholesterol, 227 mg sodium, 26 g carbohydrate, 0 fiber, 3 g protein. Diabetic Exchanges: 1 starch, 1 vegetable.                                                                                                                                                                    Print                                                                                    Add to Recipe Box                            Email a Friend	200	Regular	https://spoonacular.com/recipeImages/393024-556x370.jpg	2
60	Becoming Van Gogh & The Vincent cocktail	Combine all ingredients in a shaker with ice.  Shake, strain into a cocktail glass; garnish with blueberries.	45	Vegetarian, vegan, glutenFree, dairyFree	https://spoonacular.com/recipeImages/522099-556x370.jpg	4
61	Kadai Mushroom | How to make kadai mushroom masala	Dry roast the coriander seeds and chilies. remove it to a plate and let cool completely. Then grind into a fine powder.Heat the oil in a same pan on medium heat. Once hot saute the onions till they becomes translucent.Then add garlic paste and cook for a minute.Then stir in freshly ground spices and again cook for a minute.Mix in chopped tomatoes and salt. Cook till all the moisture evaporated, in between keep stirring as well as keep mashing the tomatoes using back of the spoon.Once cooked oil starts to ooze out from the sides. Then add chopped mushrooms and capsicums. Let it cook till mushrooms are cooked and tender.Mix in garam masala and kasoori methi.Add chopped cilantro and cream. Mix and it is ready to serve.	40	Vegetarian, glutenFree	https://spoonacular.com/recipeImages/609177-556x370.jpg	8
62	Roasted Tomato & Chicken Sausage Whole Wheat Pasta	Preheat the oven to 450 degrees F.  Line a baking sheet with foil and lightly coat with cooking spray.Place the tomatoes in a single layer on the prepared baking sheet.  Drizzle the tomatoes with the olive oil, and sprinkle them with garlic, oregano, salt and pepper.Roast until the tomatoes are slightly shriveled and soft, 15 to 20 minutes.  Roughly chop the tomatoes and set aside.While the tomatoes are roasting, cook the pasta according to package directions.  Drain.Heat a large skillet over medium-high heat and lightly coat with cooking spray.  Cook the sausages until browned, 7 to 8 minutes.Add the roasted tomatoes and cooked pasta to the sausage, along with the olive oil, salt, pepper, basil and parsley.Serve with the Parmesan cheese.	35	VeryPopular	https://spoonacular.com/recipeImages/584630-556x370.jpg	10
65	Raspberry Apple Pie Bars	Pre-heat the oven to 325. Butter a 9 X 13 baking dish.In a large bowl beat together 1 cup (2 sticks) of the butter,  cup of the brown sugar, and  teaspoon salt until light and fluffy.Blend in the vanilla and then beat in two cups of the flour.Press the dough into the bottom of the prepared pan and bake for 20 minutes, turning halfway through.While the crust is baking, put the frozen raspberries into a medium saucepan with the 2 tablespoons granulated sugar. Heat over medium-high heat, stirring occasionally until combined.Whisk the 2 teaspoons of cornstarch into the  cup cold water. Pour it into the saucepan and bring it to a slow boil, stirring occasionally.Continue cooking for about 5 minutes. Remove from the heat and set aside.Place the chopped apples, 1 teaspoon cinnamon,  teaspoon nutmeg, and 1 teaspoon lemon juice in another bowl. Toss to coat evenly.Pour the raspberry sauce over the apple mixture (you can strain the seeds out first if you'd like), stir, and then spread it evenly across the baked crust.Using the same bowl you mixed the crust in (for the sake of not having 43,097 dirty dishes), stir together the 1 cup of old fashioned oats, the remaining 1 cup of flour, the remaining  cup brown sugar, and the last 1 teaspoon of cinnamon.Melt the remaining  cup butter and toss with the oat mixture.Sprinkle the oat crumble over the raspberry apple filling and bake for 25 more minutes.You can scoop this out and serve it hot with ice cream OR you can let it cool completely and slice it into 15-24 dessert bars.	65	Vegetarian	https://spoonacular.com/recipeImages/517902-556x370.jpg	11
66	Strawberry Cherry Smoothies	Combine all of the ingredients in an electric blender. Add ingredients in the order they are listed. As a rule of thumb, you want to add the liquid first and the frozen last and everything else goes in between. Blend until smooth.If you like your smoothies a little sweeter, you can drizzle in your favorite sweetener such as honey or agave nectar to taste, then pulse in blender until well incorporated. Enjoy!	4	Vegetarian, vegan, glutenFree, dairyFree, veryPopular	https://spoonacular.com/recipeImages/603826-556x370.jpg	0
67	Makhani dhal	Boil the lentils in 800ml water for 15 minsuntil almost tender. Meanwhile, fry theonions and chillies in the 50g butter forabout 7 mins until starting to soften. Stir inthe ginger, garlic and spices and cook overa low heat for 1 min more.Pour in 800ml boiling water followed bythe cooked lentils and any liquid. Add thebay leaves and beans, then simmer for20 mins more until thickened. This can bemade 2 days ahead and chilled, or frozenfor up to 1 month.To serve, return to the heat if necessaryand stir in the cream. Season well. Pour intoa bowl, dot with the remaining butter, dustwith garam masala and scatter with coriander.	55	Vegetarian, glutenFree	https://spoonacular.com/recipeImages/215224-556x370.jpg	7
68	Broccoli and Fruit Salad	Blanch broccoli by adding it to boiled water. After two minutes, submerse broccoli into an ice bath to stop the cooking process.Peel two of tangerines, separate the segments, and cut them in half. Place the tangerines, broccoli, pomegranate seeds, fennel, avocado, and almonds into a medium bowl.Drizzle olive oil and juice of the last tangerine over salad. Season with salt and pepper to taste.	45	Vegetarian, vegan, glutenFree, dairyFree	https://spoonacular.com/recipeImages/509850-556x370.jpg	11
69	Sweet Potato Parmesan Gratin	Preheat the oven to 400 degrees.Butter or lightly oil a baking dish or cast iron skillet.Place the sliced potatoes in a bowl and season generously with salt and pepper. Add the thyme and half of the cheese and toss together.Transfer to the dish and pour on the milk. It should just cover the potatoes.Bake 30 minutes, remove from oven and carefully drain off a bit of the liquid (about 1/3 cup). Sprinkle the remaining cheese over the top and return to the oven.Bake another 45-50 minutes, until the milk is absorbed, the potatoes are soft and the top and edges are golden and around the edges. (Optional: drain off a bit more of the liquid as using low-fat milk instead cream can result in a bit of wateriness.)Let rest at least 20 minutes before serving so the juices can redistribute.Can be made ahead of time and reheated in the microwave or oven for serving.	85	GlutenFree, veryPopular	https://spoonacular.com/recipeImages/500795-556x370.jpg	5
70	Cocoa Oat Truffles	Place the oats in the bowl of a food processor and process until finely ground.Add dates, 2 Tbsp cocoa powder, almond butter, vanilla, nutmeg and cinnamon and process until finely ground and slightly sticking together (it will form a loose batter).Place remaining cocoa powder in a shallow bowl. Roll truffle mixture into balls (2 or 3 tsp per truffle), pressing firmly for mixture to stick together. Note: if you use 2 tsp per truffle, you will end up with 40 calories per truffle. If you use 3 tsp per truffle, you will end up with 60 calories per truffle. I also spread the batter out on a plate because it was easier to scoop up with my 1 tsp measure. After a few presses in between my hands, I ended up with these perfect little cocoa balls. Note: do not roll the batter in your hands (to form a ball)  it will fall apart. Make sure to press it firmly with your fingers/hands until it binds together, kind of like if you were playing with play-dough.Roll truffles in cocoa powder and chill until ready to serve (I chilled mine for about 1 hour).	60	Vegetarian, vegan, glutenFree, dairyFree, veryPopular	https://spoonacular.com/recipeImages/516542-556x370.jpg	0
71	Cinco de Mayo Strawberry Margarita Cupcakes	In a bowl, sift together your flour, powder, and salt. Set aside.In a separate bowl, cream together your butter and sugar.Add in your whites one at a time.Slowly pour in your buttermilk then zest/juice your lime.Splash in your tequila.Add your puree.In 3 separate additions, begin sprinkling in your dry bowl to your wet bowl. Just mix to combine (do not over mix).Bake at 350 for 17-19 minutes.Meanwhile, whip up your frosting.Break up your butter and slowly add your powdered sugar.Splash in a bit of cream and tequila and keep checking the consistency.Add in your zest and more powdered sugar as needed.When your cakes are cooled, frost (I used a 2D Wilton tip) and sprinkle with a bit of coarse salt and add a lime wedge.	45	Regular	https://spoonacular.com/recipeImages/585830-556x370.jpg	14
72	Passover Chocolate Chip Cookies	Save RecipePrint Recipe                          Passover Chocolate Chip Cookies                                        Ingredients2 sticks unsalted butter1 1/2 cups brown sugar2 tbsp honey2 tsp vanilla1/4 tsp salt2  eggs1 1/2 cups matzo cake meal1/4 cup matzo meal2 cups chocolate chips (original recipe calls for 3 cups)                                Prep Time: 15 Minutes            Cook Time: 15 Minutes            Total Time: 30 Minutes          Servings: About 24 cookies          Kosher Key: Dairy	30	VeryPopular	https://spoonacular.com/recipeImages/195273-556x370.jpg	8
99	Sriracha Hummus	Addgarbanzo beans, lemon juice, Sriracha, sesame oil, garlic, cilantro, cumin, paprika and salt in the bowl of a food processor.With the motor running, add olive oil in a slow stream until emulsified.If the mixture is too thick, add reserved garbanzo beans liquid, 2 tablespoons at a time, until the desired consistency is reached.Store in an airtight container in the refrigerator for up to 1 week.	10	Vegetarian, vegan, glutenFree, dairyFree, veryPopular	https://spoonacular.com/recipeImages/705381-556x370.jpg	5
73	Crispy Oven Roasted Brussels Sprouts	Instructions\n\n\n\nHeat oven to 375 degrees F. Line a sheet pan with aluminum foil or parchment paper. Coat with light layer of oil and set aside.\n\n\nIn a large ziplock bag, combine the breadcrumbs, salt, garlic powder, paprika, and black pepper. \n\n\nWorking in small batches (about 5-8), dredge brussels sprouts in flour, dip into egg mixture and place in ziplock bag. Shake ziplock bag until the sprouts are fully coated in bread crumbs and remove sprouts one by one onto pre-paired baking sheet. Repeat with remaining brussels sprouts. \n\n\nDrizzle sprouts with a light drizzle of olive oil and bake for 25-30 minutes, flipping half way, until golden and crispy.	40	DairyFree	https://spoonacular.com/recipeImages/992714-556x370.jpg	6
74	The Best Chicken Tortilla Soup	Throw everything except the garnishes in your crock pot and let it cook on high for 5-6 hours.Dress with garnishes and give it a squeeze of lime (a must:-) and you're good to go!Enjoy!If you are not using a crock pot, saute the garlic and onion in 2 tablespoons olive oil before adding the remaining ingredients.Simmer for at least an hour so that the flavors mix together.	375	GlutenFree, veryPopular	\N	14
75	Greek Summer Salad	Place salad ingredients in a large bowl.  Toss gently to combine. Place dressing ingredients in a small bowl and whisk to combine.  Drizzle over salad.  Serve immediately or cover and refrigerate until ready to serve.	15	Vegetarian, glutenFree, veryPopular	https://spoonacular.com/recipeImages/602870-556x370.jpg	10
76	Almond Linzer Cookies	Pulse together almonds, salt, cinnamon in bowl of food processor until finely ground. Transfer almond mixture to bowl of a standing mixer. In a small bowl whisk together flour and baking powder, set aside. Add the butter and whole cane sugar to the almond mixture and beat on medium speed until fluffy, about 1 minute. Add vanilla and egg and mix until just incorporated. Pour dough out onto the counter, shape into a disk and wrap tightly with plastic wrap and refrigerate until firm, about 2 hours.  (This dough can be made ahead of time and stay fresh in the refrigerator for up to 3 days.)Preheat oven to 375 degrees.  Roll dough out on a lightly floured surface to 1/4 inch thick. Cut cookies using cookie cutter and place cookies on baking sheet lined with parchment paper. Bake until they are just turning golden brown, about 8 minutes. Transfer to racks to cool.In a small bowl stir together preserves and almond extract (if there are lumps in your preserves your can pulse it in the food processor a few times). Spread 1/2 teaspoon preserves onto uncut cookies and top with the cutout ones. These cookies are best eaten the day they are made.*I sprinkled the cookies in my pictures with a little powdered sugar.  This is not a sugar that I cook with, but I just couldn't resist giving the cookies a light dusting to make them look a bit more festive.	45	Vegetarian	https://spoonacular.com/recipeImages/550505-556x370.jpg	4
77	Crock Pot Maple Dijon Chicken Drumsticks	Season chicken with garlic salt and pepper and place in slow cooker. Combine maple, balsamic, and Dijon in a small bowl and whisk until smooth. Pour over the legs, making sure the chicken is covered.Set a 6-quart slow cooker to HIGH and cook 4 hours, or until cooked through and tender.Pin It To Save For Later!Print This5 PP 8 SP Chicken Recipes Clean Eating Crock Pot Recipes Fall Recipes Under $10posted October 7, 2014 by Gina198 Comments	45	GlutenFree, dairyFree, veryPopular	https://spoonacular.com/recipeImages/735811-556x370.jpg	3
78	Saturdays with Rachael Ray  Grilled Roasted Red Peppers Stuffed with Cheese	Put the cheese in a shallow dish and sprinkle with the red pepper flakes, parsley, oregano, lemon zest and juice, and a drizzle of extra-virgin olive oil. Toss to coat the cheese in the marinade.Slice the peppers open. Wrap 1 piece of cheese inside each pepper. Tie with the twine to make a bundle.----------------------------from 30 Minute MealsHeat a grill pan or outdoor grill over medium. Grill the peppers until they are evenly charred and the cheese is browning at the edged, 8 to 10 minutes. Serve immediately.	20	GlutenFree, veryHealthy, veryPopular	https://spoonacular.com/recipeImages/474862-556x370.jpg	54
79	Yoplait Frozen Yogurt Strawberry Lemonade Pie	Combine crushed ice cream cones and butter in a food processor and mix until well combined. Press crust into a spring form pan. Combine Yoplait Frozen Yogurt and whipped topping together in a large bowl. In a separate bowl, combine strawberry lemonade mix with warm water and mix well to combine. Then add to large bowl with whipped topping and frozen yogurt. Using an electric mixer, mix all ingredients until well-combined. Pour mixture into spring form pan on top of crust. Place pie in freezer and freeze for 3 - 4 hours, or until set. For the topping, place 1 cup strawberries in a food processor or blender with sugar. Blend until smooth. Add the remaining berries and pulse until berries are slightly chopped. Sauce should be chunky. Place strawberry sauce in refrigerator until ready to serve. Before serving, pour strawberry sauce over pie. Tips:For a strawberry pie, you can omit the lemonade mix and water in this recipe. More sugar can be used in the strawberry sauce if its not sweet enough for your tastes.	200	GlutenFree	https://spoonacular.com/recipeImages/542918-556x370.jpg	5
80	Fully Loaded Baked Potato Soup	Scoop out white insides out of the baked potato skins. Roughly chop the white insides and set aside. Chop potato skins and set aside.                    In large stock pot brown the diced bacon over medium heat. Remove bacon and drain off the grease.                    Add 4 tablespoons butter to the brown bits at the bottom of the stock pot. Add onion and continue to cook over medium heat until onion is caramelized. Add minced garlic and flour. Stir flour until absorbed by the butter and cooked about 1-2 minutes.                     While stirring slowly add chicken stock to the flour mixture to prevent lumps bring to a simmer and turn heat to low. Add the insides of diced baked potato. Add sea salt and pepper. Cover pot and continue to cook over low heat.                    In a large saute pan add  2 tablespoons butter and 2 tablespoons olive oil over medium-high heat and cook until butter is melted. Add potato skins and fry until crisp and heated through.                    Add 1/2 of the bacon, 2 cups Cheddar cheese, 2/3 of scallions, and Greek yogurt. Stir well and continue to cook over low heat until heated through and cheese is melted.                    Serve soup topped with remaining bacon, cheedar cheese, scallions and crisp potato skins.	45	VeryPopular	https://spoonacular.com/recipeImages/520555-556x370.jpg	28
81	Bacon Cheeseburger Rigatoni	In a large skillet heat oil over medium - low heat and add the onion, garlic and a pinch or two of salt and pepper, cook until onion are translucent. Turn heat up to medium and add ground beef, season it with salt and pepper and break it apart as it cooks.Meanwhile cook rigatoni according to package directions in plenty of salted water to al dente.Preheat oven to 400 degrees F. and grease a 9 x 13-inch casserole pan.When the ground beef is cooked through remove from heat. Drain off the grease.Stir in both sauces, the vinegar, 1/2 the pickles, 1/2 the tomatoes, the pasta and 3/4 cup of the cheese.Spoon the mixture into the casserole pan and sprinkle the top with the remaining cheese, pickles and tomatoes. Bake until bubbly 20 - 25 minutes. To serve garnish the top with the crumbled bacon.	50	VeryPopular	https://spoonacular.com/recipeImages/491810-556x370.jpg	22
82	Peach Jam Bars	Preheat oven to 350.Spray a 9x13 glass baking dish heavily with Bakers Joy cooking spray.Melt butter in a mixing bowl.Add  cup sugar, brown sugar, vanilla, baking soda, salt, cinnamon, and nutmeg.Whisk to incorporate.Add flour and stir with a wooden spoon to combine.Reserve 1 cups of dough for topping; press remaining mixture into the bottom of prepared baking dish. Place jam in a small bowl and microwave about 30-40 seconds to heat and softly melt the jelly.Spread jam over bottom layer.Arrange peaches over top of the jam and sprinkle with 2 tbsp. sugar.Sprinkle the reserved topping over the peach filling and bake for 30-45 minutes, or until golden.Cool completely before cutting into bars.	80	Vegetarian	https://spoonacular.com/recipeImages/612123-556x370.jpg	7
83	Quick + Easy Southwest Ravioli Skillet Pasta	InstructionsBring a large pot of water to a boil and boil the ravioli according to package directions.Preheat the broiler.While the water boils and the ravioli cooks, cook the veggies. In a large skillet heat olive oil over medium heat. Add the onion and garlic and saute until soft and caramelized about 5 minutes. Add the jalapeno pepper, red pepper and corn. Saute for 5 minutes and then add the chipotle chili, cumin, chili powder, oregano, cayenne, salt and pepper. Stir in the black beans and saute another 3-5 minute or until the veggies are soft.When the ravioli is ready, drain and add to the skillet. Turn off the heat and toss well. Add the chopped cilantro and lime juice and toss again. Make sure everything is in an even layer and then spread the cheese all over the dish.Place the whole skillet in the broiler or transfer to an oven safe dish. Broil for 30 seconds to 1 minute. Don't walk away, it goes so fast!Remove and top with the diced tomatoes, avocado and more fresh cilantro if desired. Serve!	25	VeryPopular	https://spoonacular.com/recipeImages/549449-556x370.jpg	18
84	BBQ Chickpea and Crispy Polenta Bowls with Asparagus + Ranch Hummus	InstructionsTo make the hummus add the beans, tahini, greek yogurt, lemon juice, garlic, parsley, dill, onion powder, chives, pepper and salt to the bowl of a food processor. Puree the mixture until smooth, scrapping down the sides if necessary. With the machine running stream in the olive oil until smooth. Taste and season with salt and pepper if desired. Place in the fridge until ready to use.For the bowls, preheat the oven to 400 degrees.Place the asparagus in a roasting pan or on a baking baking sheet and toss with the 1 tablespoon olive oil, salt and pepper. Roast in the preheated oven for 25-30 minutes or until tender and crisp. Remove and chop into thirds.While asparagus are roasting, add the BBQ sauce, creole seasoning, cajun seasoning and a pinch of cayenne to a glass measuring cup. Place the chickpeas in a medium bowl and toss with half the BBQ sauce or enough to completely coat the chickpeas. Reserve the remaining sauce.Heat a medium sized skillet over medium heat. Add 1 tablespoon olive oil and the polenta slices. Let them sit undisturbed for 5 minutes. Flip and sear another 5, or until lightly crisped and golden on both sides. Remove and keep warm.To the skillet add the chickpea mixture and cook for about 5-10 minutes or until the BBQ sauce has a thick + sticky coating over the chickpeas. Remove from the heat and stir in one more tablespoon of the BBQ sauce.To assemble place some arugula in the bottom of you bowls. Add the warm + crispy polenta rounds. asparagus, tomatoes, warm BBQ chickpeas and avocado slices. Add a dollop of the Ranch Hummus and sprinkle the cheddar cheese or parmesan cheese on top. Serve with the remaining BBQ sauce.	30	GlutenFree, veryHealthy, veryPopular	https://spoonacular.com/recipeImages/549606-556x370.jpg	45
85	Chubby Hubby Cookie Bars	Preheat the oven to 375F. Line a 13x9-inch baking pan with parchment or foil and spray with nonstick cooking spray.In large bowl, use an electric mixer to beat the butter, milk and brown sugar until well combined and smooth. Add the egg and vanilla and beat until fully combined. Slowly beat in the malted milk powder, flour, salt and baking soda.Press cookie dough into prepared baking pan. Bake for about 15 minutes, or until lightly browned. Remove from oven and set on a cooling rack to cool completely.Meanwhile, in large saucepan set over medium-low heat, heat the condensed milk and butter until the butter is melted and the mixture is warmed. Remove from heat and add the chocolate, stirring until melted and smooth. Pour over cooled cookie crust.In a microwave safe measuring cup or small bowl, heat the peanut butter for 30 seconds, or until melted and thin. Drizzle over fudge filling. Immediately press the chocolate covered pretzels into the bars. Refrigerate cookies for 2 hours or overnight before cutting into bars and serving.	45	VeryPopular	https://spoonacular.com/recipeImages/559712-556x370.jpg	10
86	Camillas Easy Healthy Broccoli Slaw with Cranberries	In a large bowl whisk together the yogurt, lemon juice, maple syrup, mustard and salt. Add the broccoli slaw mix, green onions and cranberries. Toss to combine and coat with dressing. Cover and refrigerate for at least 30 minutes, until chilled, or for up to 2 hours. Just before serving sprinkle with sunflower seeds.	15	Vegetarian, glutenFree, veryPopular	https://spoonacular.com/recipeImages/525044-556x370.jpg	2
87	Roasted Sweet Potatoes, Apples and Carrots	Preheat your oven to 375 degreesIn a large bowl combine the diced fruit and veggies.In a small bowl add the melted coconut oil and spices and whisk.Pour this over the diced fruit and veggies and mix with your hands to coat.Pour this onto a 11 x 18 stainless steel baking sheet and bake for 1 hour.	75	Vegetarian, vegan, glutenFree, dairyFree	https://spoonacular.com/recipeImages/541752-556x370.jpg	4
88	Flourless Chocolate Fudge Crinkle Cookies	Line baking sheets with parchment paper and set aside.In a bowl, combine powdered sugar, baking cocoa, instant coffee and salt. Stir until dispersed. Add chocolate morsels.Add egg whites and vanilla extract. Stir until combined.On prepared baking sheet, drop by level tablespoonfuls about 2 inches apart. Bake in a 350 F oven for about 13 to 15 minutes or until tops are cracked and shiny, and edges are firm. Remove from oven and allow to completely cool on baking sheets (they will break apart if not allowed to cool!). Peel off parchment paper.	20	GlutenFree, dairyFree, comfortFood, lowFoodMap	https://spoonacular.com/recipeImages/764630-556x370.jpg	3
89	Nutmeg Blueberry Muffins	Directions                                                                                In a large bowl, cream butter and 1 cup sugar until light and fluffy. Add eggs, one at a time, beating well after each addition. Stir in milk and vanilla. Combine the flour, baking powder and salt; add to creamed mixture just until moistened. Fold in blueberries.                                                                                           Fill paper-lined muffin cups three-fourths full. Combine nutmeg and remaining sugar; sprinkle over the top.                                                                                            Bake at 375 for 25-30 minutes or until a toothpick inserted near the center comes out clean. Cool for 5 minutes before removing from pan to a wire rack. Serve warm.                                        Yield: 1 dozen.                                                                                                     Editor's Note: If using frozen blueberries, use without thawing to avoid discoloring the batter.                                                                                                Originally published as Nutmeg Blueberry Muffins in  Taste of HomeJune/July 2008, p45                                                                                                                                                                                                        Nutritional Facts                                                                             1 muffin equals 244 calories, 9 g fat (5 g saturated fat), 56 mg cholesterol, 186 mg sodium, 38 g carbohydrate, 1 g fiber, 4 g protein.                                                                                                                                                                     Print                                                                                    Add to Recipe Box                            Email a Friend	45	Vegetarian	https://spoonacular.com/recipeImages/463707-556x370.jpg	10
90	Moroccan-Style Chicken-Crescent Casserole	1                               Heat oven to 375F. In 12-inch skillet, heat oil over medium-high heat. Add chicken, onion and carrot; cook and stir about 7 minutes or until chicken is browned and no longer pink in center. Stir in tomatoes, tomato paste, parsley, cilantro, paprika, salt, cumin, cinnamon and red pepper. Cook and stir about 5 minutes or until thoroughly heated.                                                          2                               Into ungreased 11x7-inch (2-quart) glass baking dish or 9 1/2- or 10-inch deep-dish pie plate, pour hot chicken mixture. Immediately unroll dough over chicken mixture; pinch edges and perforations to seal. Brush dough with beaten egg; sprinkle with almonds.                                                          3                               Bake 18 to 25 minutes or until deep golden brown. If desired, garnish with fresh cilantro.	50	DairyFree	https://spoonacular.com/recipeImages/174657-556x370.jpg	9
91	Homemade Brioche (Oh glorious buttery Brioche)	Start with the sponge. You can heat up the milk in a saucepan, or just pop it in the microwave for about 20 seconds.  Put the milk, yeast, egg, and 1 cup of flour in your stand mixer's bowl.  Mix the ingredients with a spatula until all is blended.  Sprinkle over the other cup of flour to cover the sponge, and let it rest uncovered for 30 minutes.After 30 minutes, there should be cracks in the flour. The cracks let you know that the yeast is working its magic!Good, we are done with the sponge.  Now, what's the deal with the sponge?  It adds a deep flavor and a lovely texture to the bread, and is considered the equivalent of adding another rise to the bread. Now we will turn it into a dough.Add the sugar, salt, eggs, and 1 cup (5 oz) of your flour to the sponge.  Put the bowl in your stand mixer, and using the dough hook, mix on low for 1 minute, until the dough starts to come together.  With the mixer still running on low, add in the remaining 2.5 oz of flour (1/2 cup).  When the flour has been incorporated, bump the speed up to medium, and mix for 15 minutes.  After 10 minutes have passed, the dough should be slapping itself against the side of the bowl.  If it's not, add 3 tbsp more of flour.  Make sure you don't skimp on kneading the dough for 15 minutes.Bash out the butter with a bench scraper on a piece of wax paper or plastic wrap so it's soft and pliable (but not melted or greasy), and turn your mixer down to medium low.  Add the butter a couple tbsp at a time, waiting until each installment of butter is absorbed before adding the next.  And don't be worried if your butter has a hard time incorporating into the dough.  It will be fine.  When all the butter has been added, bump the speed up to medium high for a minute, then reduce to medium and knead the dough for 5 minutes.  The dough should be slapping the bowl again by the end.  The dough will be soft and sticky, and may cling a little bit to the sides of the bowl.Butter a large bowl (I did a 5 qt bowl), and transfer the dough to that bowl, covering the top tightly with plastic wrap.  Let it rise at room temperature for 2 hours, until it has doubled in size.Since yeast tends to clump up, we want to redistribute the yeast.  However, we don't want to deflate the dough too much.  So very gently, with a spatula, turn the dough upside down and around to redistribute the yeast a little bit.  It's fine if it deflates a little bit, just don't purposely bash it down.  Cover again with plastic wrap and let it rise in the refrigerator for 7 hours (you could do as short as 4 hours if it rises enough, but longer rising means more flavor, so it's always best to be patient with bread.  Believe me, I am an impatient lady, so I know it's hard lol).With a sharp knife, gently slice your dough into 3 sections. Cut each section into 6 pieces.  You may gently roll those pieces into balls, but I chose to leave them sort of square.  Place 6 balls in each loaf pan, and cover with plastic wrap.  Let it rise for 2 hours.When you are ready to bake, preheat the oven to 375 degrees F, and bake for about 30 minutes, until the interior is 200 degrees F on an instant read thermometer.  If during the baking process your brioche browns too much, loosely cover the loaves with tin foil.  Cool on a baking rack, and enjoy!  And make sure you taste some of it when it comes out of the oven...so goooooood!	45	Vegetarian	https://spoonacular.com/recipeImages/558875-556x370.jpg	36
92	10 Tips For Eating Healthy Lunches on the Go	Combine the oats and cereal in a large bowl and set aside. In a large saucepan add the coconut oil, honey, and sugar. Stir over medium heat until melted. Bring to a boil and lower temperature. Simmer for two minutes. Add the peanut butter and vanilla and stir until melted.Pour the peanut butter mixture over the oats and cereal. Stir until thoroughly coated. Let cool for a few minutes before stirring in the chocolate chips and peanut butter cups.Press the mixture firmly into a greased 9x13 pan. Let cool before cutting into bars. Makes 16 bars.	15	DairyFree, veryPopular	https://spoonacular.com/recipeImages/490766-556x370.jpg	7
93	Mississippi Sin	After combining above put mixture into bread bottom, fill it up. Put top on and cover entire bread with foil.Bake at 350 for 1 hour. Remove from oven serve it or take it with youyum yum..yum.You can serve with bread cubes.  Crowd favorite is Fritos chips.	70	VeryPopular	https://spoonacular.com/recipeImages/599165-556x370.jpg	16
94	Simply Perfect Blueberry Muffins (and a #Giveaway!)	Place the butter in a small microwavable bowl, and heat until melted (on my microwave this takes about 2 minutes on 50% power).Add the flour, sugar, and salt to the melted butter, and toss together with a fork. Set aside.Place the flour, baking powder, and salt in a medium bowl and stir with a whisk to combine. Set aside.Place the butter in a large liquid measure, or a medium microwavable bowl, and heat until melted (on my microwave this takes about 1 minutes on 50% power).Add the sugar, Greek yogurt, egg, and vanilla to the melted butter, and whisk until well incorporated.Pour the liquid ingredients into the dry, and stir together with a silicone spatula or wooden spoon, just until ALMOST combined (you should still see streaks of flour).Add the frozen berries, and fold carefully. Overmixing will cause the berries to bleed and the muffins to be tough.Place about  cup of batter in each well of the muffin tin, and top with the reserved streusel. Bake for 5 minutes at 425 degrees F, then turn the oven temperature down to 350 degrees F (don't open the oven door), and bake for an additional 15 minutes, or until a tester comes out clean.	45	Vegetarian, veryPopular	https://spoonacular.com/recipeImages/508682-556x370.jpg	10
95	Minced lamb filo tarts	Heat the olive oil in a large frying pan.Gently cook the onion for about 10 mins,until soft. Add all the spices and the garlic,stir to combine, then cook for 1 minmore. Throw in the lamb and break upwith a wooden spoon so it gets coatedin the onion and spices. Cook until brown.Add the vegetable stock and tomatopure, then simmer for 15-20 mins. Takeoff the heat, allow to cool, then chill inthe fridge. When the mince is cold, takeout 3 sheets of the pastry, brush withsome of the melted butter and put themon top of each other on a flat board.Cut out 12cm x 8cm circles with a pastrycutter. Line a greased 12-hole tart traywith the filo to make little cases.Divide the lamb mixture betweenthe 12 cases then cook for 15 mins,until the pastry is crisp and golden.Serve warm with some natural yogurtand chopped coriander.	65	Regular	https://spoonacular.com/recipeImages/215950-556x370.jpg	4
96	Mini Artichoke and Onion Tarts	1. To make Filling: Heat oil in skillet over medium-high heat. Add onions, and saut 7 minutes, or until beginning to brown. Add thyme and garlic, and saut 1 minute. Remove from heat, and stir in artichokes, olives (if using), parsley, and zest. Cool.2. To make Dough: Place flour, butter, sugar, and salt in bowl of food processor; pulse until mixture resembles fine meal. Add eggs and milk, and pulse until Dough comes together. Shape into log. Slice log into 12 rounds. Roll out each round into 1/8-inch-thick circle with rolling pin on well-floured work surface.3. Preheat oven to 375F; coat baking sheet with cooking spray. Brush Dough rounds with beaten egg (if using). Spoon 2 heaping tsp. cheese in center of each Dough round, then top with 3 Tbs. Filling, leaving 1-inch border. Sprinkle each tart with 2 tsp. cheese, then fold in edges to partially cover Filling. Brush edges with beaten egg (if using), and sprinkle with salt, if desired. Bake 20 to 30 minutes, or until tarts are golden.	45	Vegetarian, veryPopular	https://spoonacular.com/recipeImages/758318-556x370.jpg	15
97	Salted Caramel Hot Cocoa Bars	Preheat oven to 350 degrees. Line a 13x9 baking dish with parchment paper.In a small bowl, melt 1/2 cup semi-sweet chocolate morsels with butter in microwave, stirring every 30 seconds until combined.In a large mixing bowl, add brown sugar, hot cocoa mix, eggs and vanilla. Add melted chocolate mixtures, flour, baking powder and salt. Mix until thoroughly combined. Fold in mini marshmallows and caramel bits. Pour into baking dish. Bake for 25 minutes. Remove from oven. Cool completely. Drizzle with melted chocolate and sprinkle the mallow bits and salt on top. Cut into squares and refrigerate. ENJOY!	40	VeryPopular	https://spoonacular.com/recipeImages/558367-556x370.jpg	12
98	Pani Puri , How to make Pani Puri | Easy Pani Puri	Boil the potatoes till they are cooked completely.Peel them and then chop them.Finely chop the onion.In a small bowl, mix the potatoes, onions, coriander leaves, cumin powder, chaat masala powder and black salt. Mix well and keep aside.In a blender add all the ingredients mentioned above for the pani.Add little water and grind to a fine chutney.Remove the green chutney in a large bowl. Add 2 to 3 cups water. Mix well. Check the seasoning. Add more black salt or jeera powder or chaat masala if required. If you want a thin pani, you could add some water. But keep on checking the seasoning, as per your taste.Add the boondi to the pani.You can chill the pani in the fridge or add some ice cubes to it..Crack the top of the puri with a spoon.Add 2 to 3 tsp of the boiled potato-onion filling in the poori.Stir the green pani first and then it and the sweet chutney as per your taste.Serve the pani puri immediately.You can also make individual portions with the puris, potato-onion mixture and the pani. Let the individual assemble the pani puri for himself/herself as per his/her taste.	35	Vegetarian, glutenFree, veryPopular	https://spoonacular.com/recipeImages/488410-556x370.jpg	3
100	Sweet Potato Whoopie Pies	Preheat the oven to 350 degrees F.In a large mixing bowl, beat the butter and sugars until light and fluffy.Add the eggs, one at a time, and mix until well blended.Mix in the sweet potato puree and vanilla extract.Combine the flour, baking soda, baking powder, salt, and spices in a medium bowl, and add one third of the mixture into the batter.Mix in half the cream, and scrape the bottom and sides of the mixing bowl with a rubber spatula.Mix in half of the remaining dry ingredients, then the remaining cream, and scrape the bowl again.Mix in the remaining dry ingredients and drop 3-tablespoon-sized mounds of the batter onto a parchment-lined baking sheet.Bake for 20 minutes, cool completely, and fill with Magical Cream Cheese Frosting	35	Vegetarian, veryPopular	https://spoonacular.com/recipeImages/814049-556x370.jpg	22
\.


--
-- TOC entry 2235 (class 0 OID 35796)
-- Dependencies: 209
-- Data for Name: roles; Type: TABLE DATA; Schema: public; Owner: postgres
--

COPY public.roles (id, name) FROM stdin;
1	ADMIN
2	USER
\.


--
-- TOC entry 2237 (class 0 OID 35808)
-- Dependencies: 211
-- Data for Name: user_roles; Type: TABLE DATA; Schema: public; Owner: postgres
--

COPY public.user_roles (id, user_id, role_id) FROM stdin;
1	1	1
\.


--
-- TOC entry 2225 (class 0 OID 35731)
-- Dependencies: 199
-- Data for Name: users; Type: TABLE DATA; Schema: public; Owner: postgres
--

COPY public.users (id, username, password, email, active) FROM stdin;
1	user1	1234	user@google.com	t
\.


--
-- TOC entry 2246 (class 0 OID 0)
-- Dependencies: 206
-- Name: fridge_ingredients_ids; Type: SEQUENCE SET; Schema: public; Owner: postgres
--

SELECT pg_catalog.setval('public.fridge_ingredients_ids', 1, false);


--
-- TOC entry 2247 (class 0 OID 0)
-- Dependencies: 202
-- Name: fridges_ids; Type: SEQUENCE SET; Schema: public; Owner: postgres
--

SELECT pg_catalog.setval('public.fridges_ids', 1, false);


--
-- TOC entry 2248 (class 0 OID 0)
-- Dependencies: 200
-- Name: ingredients_ids; Type: SEQUENCE SET; Schema: public; Owner: postgres
--

SELECT pg_catalog.setval('public.ingredients_ids', 387, true);


--
-- TOC entry 2249 (class 0 OID 0)
-- Dependencies: 204
-- Name: recipe_ingredients_ids; Type: SEQUENCE SET; Schema: public; Owner: postgres
--

SELECT pg_catalog.setval('public.recipe_ingredients_ids', 1072, true);


--
-- TOC entry 2250 (class 0 OID 0)
-- Dependencies: 196
-- Name: recipes_ids; Type: SEQUENCE SET; Schema: public; Owner: postgres
--

SELECT pg_catalog.setval('public.recipes_ids', 100, true);


--
-- TOC entry 2251 (class 0 OID 0)
-- Dependencies: 208
-- Name: roles_id_seq; Type: SEQUENCE SET; Schema: public; Owner: postgres
--

SELECT pg_catalog.setval('public.roles_id_seq', 2, true);


--
-- TOC entry 2252 (class 0 OID 0)
-- Dependencies: 210
-- Name: user_roles_id_seq; Type: SEQUENCE SET; Schema: public; Owner: postgres
--

SELECT pg_catalog.setval('public.user_roles_id_seq', 1, true);


--
-- TOC entry 2253 (class 0 OID 0)
-- Dependencies: 198
-- Name: users_ids; Type: SEQUENCE SET; Schema: public; Owner: postgres
--

SELECT pg_catalog.setval('public.users_ids', 1, true);


--
-- TOC entry 2089 (class 2606 OID 35783)
-- Name: fridge_ingredients fridge_ingredients_pkey; Type: CONSTRAINT; Schema: public; Owner: postgres
--

ALTER TABLE ONLY public.fridge_ingredients
    ADD CONSTRAINT fridge_ingredients_pkey PRIMARY KEY (id);


--
-- TOC entry 2085 (class 2606 OID 35752)
-- Name: fridges fridges_pkey; Type: CONSTRAINT; Schema: public; Owner: postgres
--

ALTER TABLE ONLY public.fridges
    ADD CONSTRAINT fridges_pkey PRIMARY KEY (id);


--
-- TOC entry 2083 (class 2606 OID 35744)
-- Name: ingredients ingredients_pkey; Type: CONSTRAINT; Schema: public; Owner: postgres
--

ALTER TABLE ONLY public.ingredients
    ADD CONSTRAINT ingredients_pkey PRIMARY KEY (id);


--
-- TOC entry 2087 (class 2606 OID 35765)
-- Name: recipe_ingredients recipe_ingredients_pkey; Type: CONSTRAINT; Schema: public; Owner: postgres
--

ALTER TABLE ONLY public.recipe_ingredients
    ADD CONSTRAINT recipe_ingredients_pkey PRIMARY KEY (id);


--
-- TOC entry 2079 (class 2606 OID 35728)
-- Name: recipes recipes_pkey; Type: CONSTRAINT; Schema: public; Owner: postgres
--

ALTER TABLE ONLY public.recipes
    ADD CONSTRAINT recipes_pkey PRIMARY KEY (id);


--
-- TOC entry 2091 (class 2606 OID 35805)
-- Name: roles roles_pkey; Type: CONSTRAINT; Schema: public; Owner: postgres
--

ALTER TABLE ONLY public.roles
    ADD CONSTRAINT roles_pkey PRIMARY KEY (id);


--
-- TOC entry 2093 (class 2606 OID 35816)
-- Name: user_roles user_roles_pkey; Type: CONSTRAINT; Schema: public; Owner: postgres
--

ALTER TABLE ONLY public.user_roles
    ADD CONSTRAINT user_roles_pkey PRIMARY KEY (id);


--
-- TOC entry 2081 (class 2606 OID 35736)
-- Name: users users_pkey; Type: CONSTRAINT; Schema: public; Owner: postgres
--

ALTER TABLE ONLY public.users
    ADD CONSTRAINT users_pkey PRIMARY KEY (id);


--
-- TOC entry 2097 (class 2606 OID 35784)
-- Name: fridge_ingredients fridge_ingredients_fridge_id_fkey; Type: FK CONSTRAINT; Schema: public; Owner: postgres
--

ALTER TABLE ONLY public.fridge_ingredients
    ADD CONSTRAINT fridge_ingredients_fridge_id_fkey FOREIGN KEY (fridge_id) REFERENCES public.fridges(id);


--
-- TOC entry 2098 (class 2606 OID 35789)
-- Name: fridge_ingredients fridge_ingredients_ingredient_id_fkey; Type: FK CONSTRAINT; Schema: public; Owner: postgres
--

ALTER TABLE ONLY public.fridge_ingredients
    ADD CONSTRAINT fridge_ingredients_ingredient_id_fkey FOREIGN KEY (ingredient_id) REFERENCES public.ingredients(id);


--
-- TOC entry 2094 (class 2606 OID 35753)
-- Name: fridges fridges_user_id_fkey; Type: FK CONSTRAINT; Schema: public; Owner: postgres
--

ALTER TABLE ONLY public.fridges
    ADD CONSTRAINT fridges_user_id_fkey FOREIGN KEY (user_id) REFERENCES public.users(id);


--
-- TOC entry 2096 (class 2606 OID 35771)
-- Name: recipe_ingredients recipe_ingredients_ingredient_id_fkey; Type: FK CONSTRAINT; Schema: public; Owner: postgres
--

ALTER TABLE ONLY public.recipe_ingredients
    ADD CONSTRAINT recipe_ingredients_ingredient_id_fkey FOREIGN KEY (ingredient_id) REFERENCES public.ingredients(id);


--
-- TOC entry 2095 (class 2606 OID 35766)
-- Name: recipe_ingredients recipe_ingredients_recipe_id_fkey; Type: FK CONSTRAINT; Schema: public; Owner: postgres
--

ALTER TABLE ONLY public.recipe_ingredients
    ADD CONSTRAINT recipe_ingredients_recipe_id_fkey FOREIGN KEY (recipe_id) REFERENCES public.recipes(id);


--
-- TOC entry 2100 (class 2606 OID 35822)
-- Name: user_roles user_roles_role_id_fkey; Type: FK CONSTRAINT; Schema: public; Owner: postgres
--

ALTER TABLE ONLY public.user_roles
    ADD CONSTRAINT user_roles_role_id_fkey FOREIGN KEY (role_id) REFERENCES public.roles(id);


--
-- TOC entry 2099 (class 2606 OID 35817)
-- Name: user_roles user_roles_user_id_fkey; Type: FK CONSTRAINT; Schema: public; Owner: postgres
--

ALTER TABLE ONLY public.user_roles
    ADD CONSTRAINT user_roles_user_id_fkey FOREIGN KEY (user_id) REFERENCES public.users(id);


-- Completed on 2019-04-08 18:27:28

--
-- PostgreSQL database dump complete
--

